Source,Fake News Watch,The Daily Dot,U.S. News and World Report,New Republic,CBS News,about.com,NPR,Snopes Field Guide,Kate Starbird,Opensources,Craig Silverman,Politifact,n_consensus
snoopack.com,No,No,No,No,No,No,No,No,No,No,No,Yes,1
fognews.ru,No,No,No,No,No,No,No,No,No,Yes,No,No,1
alynews.com,No,No,No,No,No,No,No,No,No,No,Yes,No,1
godlikeproductions.com,No,No,No,No,No,No,No,No,No,Yes,No,No,1
usahitman.com,No,No,No,No,No,No,No,No,No,Yes,No,No,1
dallastimes.us,No,No,No,No,No,No,No,No,No,No,Yes,No,1
guerilla.news,No,No,No,No,No,No,No,No,No,No,No,Yes,1
sputniknews.com,No,No,No,No,No,No,No,No,Yes,Yes,No,No,2
liberalplug.com,No,No,No,No,No,No,No,No,No,Yes,No,Yes,2
drudgereport.com.co,No,No,No,No,No,No,No,No,No,Yes,No,No,1
firstpost.com,No,No,No,No,No,No,No,No,No,No,No,Yes,1
regated.com,No,No,No,No,No,No,No,No,No,Yes,No,No,1
nationonenews.com,No,No,No,No,No,No,No,No,No,Yes,No,No,1
naturalnewsblogs.com,No,No,No,No,No,No,No,No,No,Yes,No,No,1
icr.org,No,No,No,No,No,No,No,No,No,Yes,No,No,1
memoryholeblog.com,No,No,No,No,No,No,No,No,Yes,No,No,No,1
darkmoon.me,No,No,No,No,No,No,No,No,No,Yes,No,No,1
ebolahoax.com,No,No,No,No,No,No,No,No,No,Yes,No,No,1
duhprogressive.com,Yes,No,No,No,No,No,No,No,No,Yes,No,No,2
onepoliticalplaza.com,No,No,No,No,No,No,No,No,No,Yes,No,Yes,2
horowitzfreedomcenter.org,No,No,No,No,No,No,No,No,No,Yes,No,No,1
darkpolitricks.com,No,No,No,No,No,No,No,No,No,Yes,No,No,1
therussophile.org,No,No,No,No,No,No,No,No,Yes,No,No,No,1
tmzuncut.com,No,No,No,No,No,No,No,No,No,No,Yes,No,1
m.palmbeachpost.com,No,No,No,No,No,No,No,No,Yes,No,No,No,1
viraltube.nl,No,No,No,No,No,No,No,No,No,Yes,No,No,1
bigbluedimension.com,No,No,No,No,No,No,No,No,No,Yes,No,No,1
localnews33.com,No,No,No,No,No,No,No,No,No,No,Yes,No,1
undergroundnewsreport.com,No,No,No,No,No,No,No,No,No,Yes,Yes,Yes,3
thehardtimes.net,No,No,No,No,No,No,No,No,No,Yes,No,No,1
christiantimes.com,No,No,No,No,Yes,No,No,No,No,No,No,No,1
silverdoctors.com,No,No,No,No,No,No,No,No,No,Yes,No,No,1
empiresports.co,Yes,No,No,Yes,No,Yes,No,Yes,No,Yes,Yes,Yes,7
responsibletechnology.org,No,No,No,No,No,No,No,No,No,Yes,No,No,1
wakingupwisconsin.com,Yes,No,No,No,No,No,No,No,No,Yes,No,No,2
rickwells.us,No,No,No,No,No,No,No,No,No,Yes,No,No,1
qpolitical.com,No,No,No,No,No,No,No,No,No,Yes,No,No,1
mississippiherald.com,No,No,No,No,No,No,No,No,No,No,Yes,Yes,2
centerforsecuritypolicy.org,No,No,No,No,No,No,No,No,No,Yes,No,No,1
cnn.com,No,No,No,No,No,No,No,No,Yes,No,No,No,1
theusaconservative.com,No,No,No,No,No,No,No,No,No,No,No,Yes,1
thedailymash.co.uk,No,No,No,No,No,No,No,No,No,Yes,No,No,1
learnprogress.org,No,No,No,No,No,No,No,No,No,Yes,No,Yes,2
viralstupid.com,No,No,No,No,No,No,No,No,No,No,Yes,No,1
nymag.com,No,No,No,No,No,No,No,No,Yes,No,No,No,1
benjaminfulford.typepad.com,No,No,No,No,No,No,No,No,No,No,No,Yes,1
oreillypost.com,No,No,No,No,No,No,No,No,No,No,Yes,No,1
cbsnews.com,No,No,No,No,No,No,No,No,Yes,No,No,No,1
freedom-articles.toolsforfreedom.com,No,No,No,No,No,No,No,No,Yes,No,No,No,1
rt.com,No,No,No,No,No,No,No,No,Yes,No,No,No,1
lifeandabout.com,No,No,No,No,No,No,No,No,No,Yes,No,No,1
theuspatriot.com,Yes,No,No,No,No,No,No,No,No,Yes,No,No,2
patriotpost.us,No,No,No,No,No,No,No,No,No,Yes,No,No,1
hangthebankers.com,Yes,No,No,No,No,No,No,No,No,Yes,No,No,2
conservapedia.com,No,No,No,No,No,No,No,No,No,Yes,No,No,1
24aktuelles.com,No,No,No,No,No,No,No,No,No,No,Yes,No,1
vancouverinquirer.com,No,No,No,No,No,No,No,No,No,No,Yes,No,1
firearmscoalition.org,No,No,No,No,No,No,No,No,No,Yes,No,No,1
jewsnews.co.il,No,No,No,No,No,No,No,No,No,Yes,No,Yes,2
topekasnews.com,No,No,No,No,No,No,No,No,No,Yes,No,No,1
activistpost.com,Yes,Yes,Yes,No,No,No,No,No,Yes,Yes,No,No,5
asamericanasapplepie.org,No,No,No,No,No,No,No,No,No,No,No,Yes,1
aceflashman.wordpress.com,No,No,No,No,No,No,No,No,No,Yes,No,No,1
wy21news.com,No,No,No,No,No,No,No,No,No,No,No,Yes,1
chicksontheright.com,No,No,No,No,No,No,No,No,No,Yes,No,No,1
politicususa.com,No,No,No,No,No,No,No,No,No,Yes,No,No,1
tmzworldstar.com,No,No,No,No,No,No,No,No,No,No,Yes,No,1
zerohedge.com,No,No,No,No,No,No,No,No,Yes,Yes,No,No,2
landdestroyer.blogspot.com,No,No,No,No,No,No,No,No,Yes,No,No,No,1
myzonetoday.com,No,No,No,No,No,No,No,No,No,Yes,No,No,1
theextinctionprotocol.com,No,No,No,No,No,No,No,No,No,Yes,No,No,1
usa2016elections.com,No,No,No,No,No,No,No,No,No,Yes,No,No,1
acting-man.com,No,No,No,No,No,No,No,No,No,Yes,No,No,1
redpolitics.us,No,No,No,No,No,No,No,No,No,No,No,Yes,1
antoniusaquinas.wp.com,No,No,No,No,No,No,No,No,No,Yes,No,No,1
deadlyclear.wordpress.com,No,No,No,No,No,No,No,No,No,Yes,No,No,1
freakoutnation.com,No,No,No,No,No,No,No,No,No,Yes,No,No,1
success-street.com,No,No,No,No,No,No,No,No,No,Yes,No,Yes,2
duffleblog.com,No,No,No,No,No,No,No,No,No,Yes,No,No,1
departedmedia.com,No,No,No,No,No,No,No,No,No,Yes,No,Yes,2
barnesreview.org,No,No,No,No,No,No,No,No,No,Yes,No,No,1
celebtricity.com,No,No,No,No,No,No,No,No,No,Yes,Yes,No,2
unz.com,No,No,No,No,No,No,No,No,No,Yes,No,No,1
newsbreakhere.com,No,No,No,No,No,No,No,No,No,No,No,Yes,1
en-vovle.com,No,No,No,No,No,No,No,No,No,Yes,No,No,1
amplifyingglass.com,Yes,No,No,No,No,No,No,No,No,Yes,No,No,2
wakeupthesheep.com,No,No,No,No,No,No,No,No,No,Yes,No,No,1
lifesitenews.com,No,No,No,No,No,No,No,No,No,Yes,No,No,1
stillnessinthestorm.com,No,No,No,No,No,No,No,No,No,No,No,Yes,1
channel77news.com,No,No,No,No,No,No,No,No,No,No,Yes,No,1
weeklystandard.com,No,No,No,No,No,No,No,No,No,Yes,No,No,1
eaglerising.com,No,No,No,No,No,No,No,No,No,Yes,No,No,1
familysecuritymatters.org,No,No,No,No,No,No,No,No,No,Yes,No,No,1
heavy.com,No,No,No,No,No,No,No,No,Yes,No,No,No,1
theintercept.com,No,No,No,No,No,No,No,No,Yes,No,No,No,1
willyloman.wordpress.com,No,No,No,No,No,No,No,No,No,Yes,No,No,1
truthrevolt.org,No,No,No,No,No,No,No,No,No,Yes,No,No,1
nationalufocenter.com,No,No,No,No,No,No,No,No,No,Yes,No,No,1
worldstoriestoday.com,No,No,No,No,No,No,No,No,No,Yes,No,No,1
nymeta.co,No,No,No,No,No,No,No,No,No,Yes,Yes,No,2
investmentwatchblog.com,No,No,No,No,No,No,No,No,Yes,Yes,No,No,2
conservativestate.com,No,No,No,No,No,No,No,No,No,Yes,No,No,1
nydailynews-tv.com,No,No,No,No,No,No,No,No,No,No,No,Yes,1
thenationalmarijuananews.com,No,No,No,No,No,No,No,No,No,No,No,Yes,1
lifezette.com,No,No,No,No,No,No,No,No,No,Yes,No,No,1
breitbart.com,No,Yes,No,No,No,No,No,No,Yes,Yes,No,No,3
trueamericans.me,No,No,No,No,No,No,No,No,No,Yes,No,Yes,2
awarenessact.com,No,No,No,No,No,No,No,No,No,Yes,No,Yes,2
president45donaldtrump.com,No,No,No,No,No,No,No,No,No,Yes,No,Yes,2
therightscoop.com,No,No,No,No,No,No,No,No,No,Yes,No,No,1
theinternetpost.net,No,No,No,No,No,No,No,No,No,Yes,No,Yes,2
infiniteunknown.net,No,No,No,No,No,No,No,No,No,Yes,No,No,1
tmzcomedy.com,No,No,No,No,No,No,No,No,No,No,Yes,No,1
drrichswier.com,No,No,No,No,No,No,No,No,No,Yes,No,No,1
topinfopost.com,No,No,No,No,No,No,No,No,No,Yes,No,No,1
associatedmediacoverage.com,No,No,No,No,No,No,No,No,No,Yes,Yes,Yes,3
rawforbeauty.com,No,No,No,No,No,No,No,No,No,Yes,No,No,1
youngcons.com,No,No,No,No,No,No,No,No,No,Yes,No,No,1
americanpresident.co,No,No,No,No,No,No,No,No,No,Yes,No,Yes,2
libertyunyielding.com,No,No,No,No,No,No,No,No,No,Yes,No,No,1
holyobserver.com,No,No,No,No,No,No,No,No,No,Yes,No,No,1
wikispooks.com,No,No,No,No,No,No,No,No,No,Yes,No,No,1
thecommonsenseshow.com,No,No,No,No,No,No,No,No,Yes,Yes,No,No,2
gopthedailydose.com,No,No,No,No,No,No,No,No,No,Yes,No,No,1
newsphd.com,No,No,No,No,No,No,No,No,No,No,No,Yes,1
usanewspolitics.com,No,No,No,No,No,No,No,No,No,Yes,No,No,1
trueactivist.com,No,No,No,No,No,No,No,No,No,Yes,No,No,1
konkonsagh.biz,No,No,No,No,No,No,No,No,No,Yes,No,Yes,2
newsoftrump.com,No,No,No,No,No,No,No,No,No,No,No,Yes,1
usanewsflash.com,No,No,No,No,No,No,No,No,No,Yes,No,Yes,2
nephef.com,No,No,No,No,No,No,No,No,No,Yes,No,Yes,2
conservativeview.info,No,No,No,No,No,No,No,No,No,No,No,Yes,1
departed.co,No,No,No,No,No,No,No,No,No,Yes,No,No,1
politicsusanews.com,No,No,No,No,No,No,No,No,No,Yes,No,Yes,2
financialsurvivalnetwork.com,No,No,No,No,No,No,No,No,No,Yes,No,No,1
americasfreedomfighters.com,No,No,No,No,No,No,No,No,No,Yes,No,No,1
allnewspipeline.com,No,No,No,No,No,No,No,No,No,Yes,No,No,1
dailyheadlines.net,No,No,No,No,No,No,No,No,No,Yes,No,No,1
rumorjournal.com,No,No,No,No,No,No,No,No,No,Yes,No,Yes,2
teddystick.com,No,No,No,No,No,No,No,No,No,No,No,Yes,1
redstatewatcher.com,No,No,No,No,No,No,No,No,No,Yes,No,No,1
empirenews.net,Yes,Yes,No,No,Yes,Yes,No,Yes,No,Yes,Yes,Yes,8
nodisinfo.com,Yes,No,No,No,No,No,No,No,Yes,Yes,No,No,3
conservativebyte.com,No,No,No,No,No,No,No,No,No,Yes,No,No,1
heresyblog.net,No,No,No,No,No,No,No,No,No,Yes,No,No,1
prepperwebsite.com,No,No,No,No,No,No,No,No,No,Yes,No,No,1
newpoliticstoday.com,No,No,No,No,No,No,No,No,No,Yes,No,Yes,2
react365.com,No,No,No,No,Yes,No,No,Yes,No,Yes,Yes,Yes,5
themoralofthestory.us,No,No,No,No,No,No,No,No,No,Yes,No,Yes,2
thephaser.com,No,No,No,No,No,No,No,No,No,Yes,No,No,1
heathenwomen.com,No,No,No,No,No,No,No,No,Yes,No,No,No,1
thelibertybeacon.com,No,No,No,No,No,No,No,No,No,Yes,No,No,1
dcgazette.com,No,No,No,No,No,No,No,No,No,Yes,No,No,1
usainfobox.com,No,No,No,No,No,No,No,No,No,Yes,No,No,1
liberalbias.com,No,No,No,No,No,No,No,No,No,Yes,No,No,1
twitchy.com,No,Yes,No,No,No,No,No,No,No,Yes,No,No,2
sundayinquirer.com,No,No,No,No,No,No,No,No,No,No,Yes,No,1
clashdaily.com,No,No,No,No,No,No,No,No,No,Yes,No,Yes,2
nationalvanguard.org,No,No,No,No,No,No,No,No,No,Yes,No,No,1
usadailythings24.com,No,No,No,No,No,No,No,No,No,No,No,Yes,1
nydailynews.com,No,No,No,No,No,No,No,No,Yes,No,No,No,1
wakingtimes.com,No,No,No,No,No,No,No,No,Yes,Yes,No,No,2
therightists.com,No,No,No,No,No,No,No,No,No,Yes,No,Yes,2
dhs.gov,No,No,No,No,No,No,No,No,Yes,No,No,No,1
bb4sp.com,No,No,No,No,No,No,No,No,No,Yes,No,Yes,2
conservativefighters.com,No,No,No,No,No,No,No,No,No,Yes,No,No,1
pakalertpress.com,Yes,No,No,No,No,No,No,No,No,Yes,No,No,2
fprnradio.com,Yes,No,No,No,No,No,No,No,No,Yes,No,No,2
mm4a.org,No,No,No,No,No,No,No,No,Yes,No,No,No,1
prntly.com,No,No,No,No,No,No,No,No,No,Yes,No,Yes,2
usapolitics24hrs.com,No,No,No,No,No,No,No,No,No,Yes,No,Yes,2
thebeaverton.com,No,No,No,No,No,No,No,No,No,Yes,No,No,1
wmacnews.com,No,No,No,No,No,No,No,No,No,No,Yes,No,1
actualite.co,No,No,No,No,No,No,No,No,No,No,Yes,No,1
blacklistednews.com,No,No,No,No,No,No,No,No,Yes,Yes,No,No,2
abriluno.com,No,No,No,No,No,No,No,No,No,Yes,No,No,1
burrardstreetjournal.com,No,No,No,No,Yes,No,No,No,No,Yes,Yes,No,3
reut.rs,No,No,No,No,No,No,No,No,Yes,No,No,No,1
cnsnews.com,No,No,No,No,No,No,No,No,No,Yes,No,No,1
dailyfeed.news,No,No,No,No,No,No,No,No,No,No,No,Yes,1
prisonplanet.com,Yes,No,No,No,No,No,No,No,No,Yes,No,No,2
libertyalliance.com,No,No,No,No,No,No,No,No,No,Yes,No,Yes,2
abcnews.com.co,No,Yes,No,No,Yes,No,No,No,No,Yes,Yes,Yes,5
kypo6.com,No,No,No,No,No,No,No,No,No,No,Yes,No,1
conservativeoutfitters.com,Yes,Yes,No,No,No,No,No,No,No,Yes,No,No,3
expose1933.com,No,No,No,No,No,No,No,No,No,Yes,No,No,1
newsbreakshere.com,No,No,No,No,No,No,No,No,No,Yes,No,Yes,2
politicalmayhem.news,No,No,No,No,No,No,No,No,No,No,No,Yes,1
viraldevil.com,No,No,No,No,No,No,No,No,No,No,Yes,No,1
fedsalert.com,No,No,No,No,No,No,No,No,No,Yes,Yes,Yes,3
hotglobalnews.com,No,No,No,No,No,No,No,No,No,No,Yes,No,1
wellaware1.com,No,No,No,No,No,No,No,No,Yes,No,No,No,1
toutelinfo.fr,No,No,No,No,No,No,No,No,No,No,Yes,No,1
govtslaves.info,Yes,No,No,No,No,No,No,No,Yes,Yes,No,No,3
newsthump.com,No,No,No,No,No,No,No,No,No,Yes,No,No,1
channel66news.com,No,No,No,No,No,No,No,No,No,No,Yes,No,1
whitepower.com,No,No,No,No,No,No,No,No,No,Yes,No,No,1
freebeacon.com,No,No,No,No,No,No,No,No,No,Yes,No,No,1
megafreshnews.com,No,No,No,No,No,No,No,No,No,Yes,No,No,1
demyx.com,No,No,No,Yes,No,No,No,No,No,No,No,No,1
thepeoplescube.com,No,No,No,No,No,No,No,No,No,No,No,Yes,1
breaking911.com,No,No,No,No,No,No,No,No,No,Yes,No,No,1
24wpn.com,No,No,No,No,No,No,No,No,No,Yes,No,Yes,2
countdowntozerotime.com,Yes,Yes,No,No,No,No,No,No,No,Yes,No,No,3
dcclothesline.com,Yes,No,No,No,No,No,No,No,Yes,Yes,No,No,3
ideaspots.com,No,No,No,No,No,No,No,No,No,No,No,Yes,1
ammoland.com,No,No,No,No,No,No,No,No,No,Yes,No,No,1
nachrichten.de.com,No,No,No,No,No,No,No,No,No,No,Yes,No,1
therooster.com,No,No,No,No,No,No,No,No,No,No,No,Yes,1
wtoe5news.com,No,No,No,No,No,No,No,No,No,Yes,Yes,No,2
thenet24h.com,No,No,No,No,No,No,No,No,No,Yes,No,Yes,2
newswire-24.com,Yes,No,No,No,No,No,No,No,No,Yes,No,No,2
veteranstoday.com,Yes,No,No,No,No,No,No,No,Yes,Yes,No,No,3
wideawakeamerica.com,Yes,No,No,No,No,No,No,No,No,No,No,No,1
infowars.com,Yes,Yes,Yes,No,Yes,No,No,No,Yes,Yes,No,No,6
remedydaily.com,No,No,No,No,No,No,No,No,No,Yes,No,No,1
thebigriddle.com,No,No,No,No,No,No,No,No,No,Yes,No,Yes,2
truthfeed.com,No,No,No,No,No,No,No,No,No,Yes,No,No,1
healthyworldhouse.com,No,No,No,No,No,No,No,No,No,Yes,No,Yes,2
usaphase.com,No,No,No,No,No,No,No,No,No,Yes,No,No,1
werk35.com,No,No,No,No,No,No,No,No,No,No,No,Yes,1
megynkelly.us,No,No,No,No,No,No,No,No,No,Yes,No,No,1
usconservativetoday.com,No,No,No,No,No,No,No,No,No,Yes,No,No,1
states-tv.com,No,No,No,No,No,No,No,No,No,No,No,Yes,1
dailymail.co.uk,No,No,No,No,No,No,No,No,Yes,No,No,No,1
civictribune.com,Yes,Yes,No,No,Yes,No,No,No,No,Yes,Yes,Yes,6
newsbreakers.org,No,No,No,No,No,No,No,No,No,Yes,No,No,1
libertynews.com,No,No,No,No,No,No,No,No,No,Yes,No,No,1
cnnews3.com,No,No,No,No,No,No,No,No,No,Yes,No,Yes,2
beehivebugle.com,No,No,No,No,No,No,No,No,No,Yes,No,No,1
dailyleak.org,No,No,No,No,No,No,No,No,No,Yes,No,No,1
charismanews.com,No,No,No,No,No,No,No,No,No,Yes,No,No,1
20minutenews.com,No,No,No,No,No,No,No,No,No,No,Yes,No,1
newjournal.us,No,No,No,No,No,No,No,No,No,No,Yes,No,1
aurora-news.us,No,No,No,No,No,No,No,No,No,Yes,No,Yes,2
globalassociatednews.com,No,No,No,Yes,No,Yes,No,No,No,No,Yes,No,3
welovenative.com,No,No,No,No,No,No,No,No,No,No,No,Yes,1
tmzworldnews.com,No,No,No,No,No,No,No,No,No,Yes,Yes,Yes,3
americanoverlook.com,No,No,No,No,No,No,No,No,No,Yes,No,No,1
conservativefiringline.com,No,No,No,No,No,No,No,No,No,Yes,No,No,1
the-global-news.com,No,No,No,No,No,No,No,No,No,No,No,Yes,1
progressivestoday.com,No,No,No,No,No,No,No,No,No,Yes,No,No,1
dailysquib.co.uk,No,No,No,No,No,No,No,No,No,Yes,No,No,1
fromthetrenchesworldreport.com,No,No,No,No,No,No,No,No,Yes,Yes,No,No,2
makeamericagreattoday.com,No,No,No,No,No,No,No,No,No,Yes,No,No,1
fox-news24.com,No,No,No,No,No,No,No,No,No,No,No,Yes,1
americanlookout.com,No,No,No,No,No,No,No,No,No,Yes,No,No,1
lightlybraisedturnip.com,No,No,No,Yes,No,No,No,No,No,No,No,No,1
katehon.com,No,No,No,No,No,No,No,No,Yes,Yes,No,No,2
dollarvigilante.com,No,No,No,No,No,No,No,No,No,Yes,No,No,1
defenseusa.club,No,No,No,No,No,No,No,No,No,No,No,Yes,1
whatreallyhappened.com,No,No,No,No,No,No,No,No,Yes,Yes,No,No,2
net-infosnews.com,No,No,No,No,No,No,No,No,No,No,Yes,No,1
thereporterz.com,No,No,No,No,No,No,No,No,No,Yes,Yes,No,2
elmundotoday.com,No,No,No,No,No,No,No,No,No,Yes,No,No,1
addictinginfo.org,No,Yes,No,No,No,No,No,No,Yes,Yes,No,No,3
usatodaynews.me,No,No,No,No,No,No,No,No,No,Yes,No,Yes,2
politicalcult.com,No,No,No,No,No,No,No,No,No,Yes,No,No,1
ancient-code.com,No,No,No,No,No,No,No,No,No,Yes,No,No,1
nypost.com,No,No,No,No,No,No,No,No,Yes,No,No,No,1
clickhole.com,Yes,Yes,Yes,No,No,No,No,No,No,Yes,No,No,4
newsmagazine.com,No,No,No,No,No,No,No,No,No,Yes,No,No,1
dailythings.world,No,No,No,No,No,No,No,No,No,No,No,Yes,1
itccs.org,No,No,No,No,No,No,No,No,No,Yes,No,No,1
superstation95.com,No,No,No,No,No,No,No,No,Yes,No,Yes,No,2
channel5000.com,No,No,No,No,No,No,No,No,No,No,Yes,No,1
abovetopsecret.com,No,No,No,No,No,No,No,No,Yes,Yes,No,No,2
dandygoat.com,No,No,No,No,No,No,No,No,No,Yes,No,No,1
fmobserver.com,No,No,No,No,No,No,No,No,No,Yes,No,No,1
thespoof.com,Yes,No,No,No,No,Yes,No,No,No,Yes,No,No,3
alternativemediasyndicate.com,No,No,No,No,No,No,No,No,No,Yes,No,No,1
dailysidnews.com,No,No,No,No,No,No,No,No,No,No,No,Yes,1
eutimes.net,No,No,No,No,No,No,No,No,No,Yes,No,No,1
wearechange.org,No,No,No,No,No,No,No,No,No,Yes,No,No,1
educateinspirechange.org/health,No,No,No,No,No,No,No,No,No,Yes,No,No,1
mpidailymagazine.com,No,No,No,No,No,No,No,No,No,Yes,No,No,1
educate-yourself.org,No,No,No,No,No,No,No,No,Yes,Yes,No,No,2
reflectionofmind.org,No,No,No,No,No,No,No,No,No,No,No,Yes,1
spinzon.com,No,No,No,No,No,No,No,No,No,No,No,Yes,1
departedme.com,No,No,No,No,No,No,No,No,No,No,No,Yes,1
fakingnews.com,No,No,No,No,No,No,No,No,No,Yes,No,No,1
russia-insider.com,No,No,No,No,No,No,No,No,No,Yes,No,No,1
usuncut.com,No,Yes,No,No,No,No,No,No,No,Yes,No,No,2
americanfreepress.net,No,No,No,No,No,No,No,No,No,Yes,No,No,1
thevalleyreport.com,No,No,No,No,No,No,No,No,No,Yes,Yes,No,2
patriotchronicle.com,No,No,No,No,No,No,No,No,No,Yes,No,No,1
diversitychronicle.wordpress.com,No,No,No,No,No,No,No,No,No,Yes,No,No,1
newswithviews.com,No,No,No,No,No,No,No,No,No,Yes,No,No,1
worldpoliticsnow.com,No,No,No,No,No,No,No,No,No,No,No,Yes,1
patriotcrier.com,No,No,No,No,No,No,No,No,No,No,No,Yes,1
humortimes.com,No,No,No,No,No,No,No,No,No,Yes,No,No,1
politicass.com,No,No,No,No,No,No,No,No,No,No,No,Yes,1
theamericanindependent.wordpress.com,No,No,No,No,No,No,No,No,No,Yes,No,No,1
subjectpolitics.com,No,No,No,No,No,No,No,No,No,Yes,No,No,1
newstarget.com,No,No,No,No,No,No,No,No,No,Yes,No,No,1
cnn-globalnews.com,No,No,No,No,No,No,No,No,No,No,Yes,No,1
bluevision.news,No,No,No,No,No,No,No,No,No,No,No,Yes,1
patriotusa.website,No,No,No,No,No,No,No,No,No,No,No,Yes,1
themindunleashed.org,No,No,No,No,No,No,No,No,No,Yes,No,No,1
theusa-news.com,No,No,No,No,No,No,No,No,No,Yes,No,Yes,2
nationindistress.weebly.com,No,No,No,No,No,No,No,No,No,Yes,No,No,1
libertywritersnews.com,No,No,No,No,No,No,No,No,No,Yes,No,No,1
empirehearland.com,No,No,No,No,No,No,No,No,No,Yes,No,No,1
dailyken.com,No,No,No,No,No,No,No,No,No,Yes,No,No,1
undergroundworldnews.com,No,No,No,No,No,No,No,No,No,Yes,No,No,1
countercurrentnews.com,No,No,No,No,No,No,No,No,No,Yes,No,No,1
buzzfeedusa.com,No,No,No,No,No,No,No,No,No,Yes,No,Yes,2
times.com.mx,No,No,No,No,No,No,No,No,No,Yes,No,Yes,2
winningdemocrats.com,No,No,No,No,No,No,No,No,No,Yes,No,No,1
journal-neo.org,No,No,No,No,No,No,No,No,No,Yes,No,No,1
usawatchdog.com,No,No,No,No,No,No,No,No,No,Yes,No,No,1
thatviralfeed.net,No,No,No,No,No,No,No,No,No,Yes,No,Yes,2
freedomsphoenix.com,No,No,No,No,No,No,No,No,No,Yes,No,No,1
usanews4u.us,No,No,No,No,No,No,No,No,No,No,No,Yes,1
freedomforceinternational.com,No,No,No,No,No,No,No,No,No,Yes,No,No,1
businessinsider.com,No,No,No,No,No,No,No,No,Yes,No,No,No,1
humansarefree.com,Yes,No,No,No,No,No,No,No,No,Yes,No,No,2
bients.com,No,No,No,No,No,No,No,No,No,Yes,No,No,1
nationalreport.net,Yes,Yes,No,Yes,Yes,Yes,Yes,Yes,No,Yes,Yes,Yes,10
madworldnews.com,No,No,No,No,No,No,No,No,No,Yes,No,Yes,2
usapoliticstoday.com,No,No,No,No,No,No,No,No,No,Yes,No,Yes,2
voxtribune.com,No,No,No,No,No,No,No,No,No,Yes,No,Yes,2
whydontyoutrythis.com,No,No,No,No,No,No,No,No,No,Yes,No,Yes,2
openmindmagazine.com,No,No,No,No,No,No,No,No,No,Yes,No,No,1
washingtonfed.com,No,No,No,No,No,No,No,No,No,Yes,No,No,1
moonofalabama.org,No,No,No,No,No,No,No,No,No,Yes,No,No,1
observeronline.news,No,No,No,No,No,No,No,No,No,No,No,Yes,1
nation.com.pk,No,No,No,No,No,No,No,No,No,No,No,Yes,1
donaldtrumpnews.co,No,No,No,No,No,No,No,No,No,Yes,No,No,1
conspiracywire.com,No,No,No,No,No,No,No,No,No,Yes,No,No,1
freshdailyreport.com,No,No,No,No,No,No,No,No,No,Yes,No,Yes,2
empireherald.com,No,No,No,No,Yes,No,No,No,No,Yes,Yes,Yes,4
thestatelyharold.com,No,No,No,No,No,No,No,No,No,Yes,No,No,1
wetheproudpatriots.com,No,No,No,No,No,No,No,No,No,No,No,Yes,1
battypost.com,No,No,No,No,No,No,No,No,No,No,Yes,No,1
wmb36.com,No,No,No,No,No,No,No,No,No,No,Yes,No,1
jacksontelegraph.com,No,No,No,No,No,No,No,No,No,No,Yes,No,1
24newsflash.com,No,No,No,No,No,No,No,No,No,Yes,No,No,1
70news.wordpress.com,No,Yes,No,No,Yes,No,No,No,No,Yes,No,No,3
nbc.com.co,No,No,No,No,No,No,No,No,No,Yes,No,Yes,2
channel62news.com,No,No,No,No,No,No,No,No,No,No,Yes,No,1
newslogue.com,No,No,No,No,No,No,No,No,No,Yes,No,No,1
channel22news.com,No,No,No,No,No,No,No,No,No,No,Yes,No,1
elkoshary.com,No,No,No,No,No,No,No,No,No,Yes,No,No,1
urbanimagemagazine.com,No,No,No,No,No,No,No,No,No,No,No,Yes,1
tradcatknight.blogspot.com,No,No,No,No,No,No,No,No,Yes,No,No,No,1
americantoday.us,No,No,No,No,No,No,No,No,No,No,No,Yes,1
ihr.org,No,No,No,No,No,No,No,No,No,Yes,No,No,1
naturalnews.com,Yes,Yes,Yes,No,No,No,No,No,No,Yes,No,No,4
heaviermetal.net,No,No,No,No,No,No,No,No,No,No,Yes,No,1
newsbbc.net,No,No,No,No,No,No,No,No,No,Yes,No,No,1
shareblue.com,No,No,No,No,No,No,No,No,No,Yes,No,No,1
usa-radio.com,No,No,No,No,No,No,No,No,No,Yes,No,Yes,2
drugsofficial.com,No,No,No,No,No,No,No,No,No,No,Yes,No,1
indiaarising.com,No,No,No,No,No,No,No,No,No,Yes,No,No,1
persecutes.com,No,No,No,No,No,No,No,No,No,No,Yes,Yes,2
ewao.com,No,No,No,No,No,No,No,No,No,Yes,No,No,1
en.mediamass.net,Yes,Yes,No,Yes,No,Yes,No,No,No,No,No,No,4
religionmind.com,No,No,No,No,No,No,No,No,No,Yes,No,Yes,2
365usanews.com,No,No,No,No,No,No,No,No,No,Yes,No,No,1
blog.veterantv.net,No,No,No,No,No,No,No,No,No,No,No,Yes,1
thecontroversialfiles.net,No,No,No,No,No,No,No,No,No,Yes,No,No,1
palmerreport.com,No,No,No,No,No,No,No,No,No,Yes,No,No,1
christiantimesnewspaper.com,No,No,No,No,No,No,No,No,No,Yes,Yes,Yes,3
cannasos.com,No,No,No,No,No,No,No,No,No,Yes,No,Yes,2
usafirstinformation.com,No,No,No,No,No,No,No,No,No,Yes,No,Yes,2
uschronicle.com,No,No,No,No,No,No,No,No,No,Yes,No,No,1
magafeed.com,No,No,No,No,No,No,No,No,No,Yes,No,No,1
sundaypost.org,No,No,No,No,No,No,No,No,No,No,Yes,No,1
worldnewspolitics.com,No,No,No,No,No,No,No,No,No,Yes,No,No,1
mckenziepost.com,No,No,No,No,No,No,No,No,No,No,Yes,No,1
conservativepoliticus.com,No,No,No,No,No,No,No,No,No,No,No,Yes,1
kf13.com,No,No,No,No,No,No,No,No,No,No,No,Yes,1
huzlers.com,Yes,No,No,Yes,Yes,Yes,No,Yes,No,Yes,Yes,Yes,8
crystalair.com,No,No,No,No,No,No,No,No,No,Yes,No,No,1
usaonlinepolitics.com,No,No,No,No,No,No,No,No,No,Yes,No,No,1
thesmokersclub.com,No,No,No,No,No,No,No,No,No,No,No,Yes,1
silverbearcafe.com,No,No,No,No,No,No,No,No,No,Yes,No,No,1
americanborderpatrol.com,No,No,No,No,No,No,No,No,No,Yes,No,No,1
inquisitr.com,No,No,No,No,No,No,No,No,Yes,No,No,No,1
worldwidehealthy.com,No,No,No,No,No,No,No,No,No,Yes,No,No,1
freepatriot.org,No,No,No,No,No,No,No,No,No,Yes,No,No,1
forbiddenknowledgetv.net,No,No,No,No,No,No,No,No,Yes,No,No,No,1
themillenniumreport.com,No,No,No,No,No,No,No,No,Yes,No,No,No,1
globalresearch.ca,Yes,No,No,No,No,No,No,No,Yes,Yes,No,No,3
greanvillepost.com,No,No,No,No,No,No,No,No,No,Yes,No,No,1
healthnutnews.com,No,No,No,No,No,No,No,No,No,Yes,No,No,1
freedomsfinalstand.com,No,No,No,No,No,No,No,No,No,No,No,Yes,1
vdare.com,No,No,No,No,No,No,No,No,No,Yes,No,No,1
thefreethoughtproject.com,No,Yes,No,No,No,No,No,No,Yes,Yes,No,No,3
thegatewaypundit.com,No,No,No,No,No,No,No,No,No,Yes,No,Yes,2
thebreakingnews.co,No,No,No,No,No,No,No,No,No,No,Yes,No,1
scrapetv.com,No,No,No,No,No,No,No,No,No,No,Yes,No,1
eutopia.buzz,No,No,No,No,No,No,No,No,No,Yes,No,No,1
truetrumpers.com,No,No,No,No,No,No,No,No,No,Yes,No,Yes,2
surrealscoop.com,No,No,No,No,No,No,No,No,No,Yes,No,No,1
higherperspectives.com,No,No,No,No,No,No,No,No,No,No,No,Yes,1
krbcnews.com,No,No,No,No,No,No,No,No,No,Yes,Yes,No,2
usamagazinestudio.com,No,No,No,No,No,No,No,No,No,Yes,No,No,1
conservativerefocus.com,No,No,No,No,No,No,No,No,No,Yes,No,No,1
wazanews.tk,No,No,No,No,No,No,No,No,No,No,No,Yes,1
channel68news.com,No,No,No,No,No,No,No,No,No,No,Yes,No,1
endtime.com,No,No,No,No,No,No,No,No,No,Yes,No,No,1
patriotupdate.com,No,No,No,No,No,No,No,No,No,Yes,No,No,1
theskunk.org,No,No,No,No,No,No,No,No,No,Yes,No,No,1
dailywire.com,No,No,No,No,No,No,No,No,No,Yes,No,No,1
sgtreport.com,No,No,No,No,No,No,No,No,Yes,No,No,No,1
freewoodpost.com,No,No,No,No,No,Yes,No,No,No,Yes,Yes,Yes,4
ncscooper.com,No,No,No,No,No,No,No,Yes,No,Yes,Yes,No,3
badcriminals.com,No,No,No,No,No,No,No,No,No,No,Yes,No,1
theineptowl.com,No,No,No,No,No,No,No,No,No,Yes,No,No,1
debunkingskeptics.com,No,No,No,No,No,No,No,No,No,Yes,No,No,1
trumpvision365.com,No,No,No,No,No,No,No,No,No,Yes,No,No,1
washingtonevening.com,No,No,No,No,No,No,No,No,No,No,Yes,Yes,2
irishufology.net,No,No,No,No,No,No,No,No,Yes,No,No,No,1
derfmagazine.com,Yes,No,No,No,No,No,No,No,No,Yes,No,No,2
lushforlife.com,No,No,No,No,No,No,No,No,No,Yes,No,No,1
redinfo.us,No,No,No,No,No,No,No,No,No,No,Yes,Yes,2
bipartisanreport.com,No,Yes,No,No,No,No,No,No,No,Yes,No,No,2
federalisttribune.com,No,No,No,No,No,No,No,No,No,No,No,Yes,1
politicalo.com,No,No,No,No,No,No,No,No,No,Yes,No,Yes,2
houstonchronicle-tv.com,No,No,No,No,No,No,No,No,No,No,Yes,Yes,2
extraclubmagazine.com,No,No,No,No,No,No,No,No,No,Yes,No,No,1
newshubs.info,No,No,No,No,No,No,No,No,No,No,Yes,No,1
collectivelyconscious.net,No,No,No,No,No,No,No,No,No,Yes,No,No,1
dailycaller.com,No,No,No,No,No,No,No,No,No,Yes,No,No,1
houstonleader.com,No,No,No,No,No,No,No,No,No,No,Yes,No,1
dineal.com,No,No,No,No,No,No,No,No,No,Yes,No,No,1
dailynews33.com,No,No,No,No,No,No,No,No,No,No,Yes,No,1
politifact.com,No,No,No,No,No,No,No,No,Yes,No,No,No,1
borderherald.com,No,No,No,No,No,No,No,No,No,No,Yes,No,1
uspostman.com,No,No,No,No,No,No,No,No,No,Yes,No,Yes,2
channel65news.com,No,No,No,No,No,No,No,No,No,No,Yes,No,1
redstate.com,No,Yes,No,No,No,No,No,No,No,Yes,No,No,2
cnn-business-news.ga,No,No,No,No,No,No,No,No,No,No,No,Yes,1
newsjustforyou1.blogspot.com,No,No,No,No,No,No,No,No,No,No,No,Yes,1
immediatesafety.org,No,No,No,No,No,No,No,No,No,Yes,No,No,1
news14kgpn.com,No,No,No,No,No,No,No,No,No,No,Yes,No,1
tomatobubble.com,No,No,No,No,No,No,No,No,Yes,No,No,No,1
usatwentyfour.com,No,No,No,No,No,No,No,No,No,Yes,No,No,1
positivedaily.com,No,No,No,No,No,No,No,No,No,No,No,Yes,1
bighairynews.com,No,No,No,No,No,No,No,No,No,Yes,No,No,1
thenationalsun.com,No,No,No,No,No,No,No,No,No,No,Yes,No,1
mentor2day.com,No,No,No,No,No,No,No,No,No,Yes,No,Yes,2
orientalreview.org,No,No,No,No,No,No,No,No,No,Yes,No,No,1
moralmatters.org,No,No,No,No,No,No,No,No,Yes,No,No,No,1
gummypost.com,No,No,No,No,No,No,No,No,No,Yes,No,Yes,2
smhwtfnews.com,No,No,No,No,No,No,No,No,No,No,Yes,No,1
unclesamsmisguidedchildren.com,No,No,No,No,No,No,No,No,No,Yes,No,No,1
viralmugshot.com,No,No,No,No,No,No,No,No,No,No,Yes,No,1
informetoday.com,No,No,No,No,No,No,No,No,No,Yes,No,No,1
weaselzippers.us,No,No,No,No,No,No,No,No,No,Yes,No,No,1
somicom.com,No,No,No,No,No,No,No,No,Yes,No,No,No,1
usasupreme.com,No,No,No,No,No,No,No,No,No,Yes,No,Yes,2
tmzhiphop.com,No,No,No,No,No,No,No,No,No,No,Yes,No,1
newsfeedhunter.com,No,No,No,No,No,No,No,No,No,No,Yes,Yes,2
illuminati-news.com,No,No,No,No,No,No,No,No,No,Yes,No,No,1
newsbusters.org,No,No,No,No,No,No,No,No,Yes,No,No,No,1
qualitysharing.com,No,No,No,No,No,No,No,No,No,No,Yes,No,1
antiwar.com,No,No,No,No,No,No,No,No,No,Yes,No,No,1
projectveritas.com,No,No,No,No,No,No,No,No,No,Yes,No,No,1
mediamass.net,No,No,No,No,No,No,No,No,No,Yes,Yes,No,2
gaia.com,No,No,No,No,No,No,No,No,No,Yes,No,No,1
dailysignal.com,No,No,No,No,No,No,No,No,No,Yes,No,No,1
defenddemocracy.press,No,No,No,No,No,No,No,No,No,Yes,No,No,1
actualidadpanamericana.com,No,No,No,No,No,No,No,No,No,Yes,No,Yes,2
bestthings.us,No,No,No,No,No,No,No,No,No,No,No,Yes,1
conservativearmy88.com,No,No,No,No,No,No,No,No,No,No,No,Yes,1
channel55news.com,No,No,No,No,No,No,No,No,No,No,Yes,No,1
vigilantcitizen.com,No,No,No,No,No,No,No,No,No,Yes,No,No,1
thewatchtowers.com,No,No,No,No,No,No,No,No,No,Yes,No,No,1
wcpm3.com,No,No,No,No,No,No,No,No,No,No,Yes,No,1
msnbc.website,No,No,No,No,No,No,No,No,No,Yes,Yes,No,2
ky12news.com,No,No,No,No,No,No,No,No,No,Yes,Yes,Yes,3
albertatimes.com,No,No,No,No,No,No,No,No,No,No,Yes,No,1
sydneybulletin.com,No,No,No,No,No,No,No,No,No,No,Yes,No,1
usadosenews.com,No,No,No,No,No,No,No,No,No,Yes,No,Yes,2
corbettreport.com,No,No,No,No,No,No,No,No,No,Yes,No,No,1
now8news.com,No,No,No,No,Yes,No,No,Yes,No,Yes,Yes,Yes,5
molonlabemedia.com,No,No,No,No,No,No,No,No,No,Yes,No,No,1
inverse.com,No,No,No,No,No,No,No,No,No,No,No,Yes,1
us.blastingnews.com,No,No,No,No,No,No,No,No,No,Yes,No,No,1
aanirfan.blogspot.com,No,No,No,No,No,No,No,No,Yes,No,No,No,1
checkoutthehealthyworld.com,No,No,No,No,No,No,No,No,No,Yes,No,No,1
americablog.com,No,No,No,No,No,No,No,No,No,Yes,No,No,1
proudleader.com,No,No,No,No,No,No,No,No,No,No,No,Yes,1
heightpost.com,No,No,No,No,No,No,No,No,No,No,No,Yes,1
antinews.com,No,No,No,No,No,No,No,No,No,No,No,Yes,1
dont-tread-on.me,No,No,No,No,No,No,No,No,No,Yes,No,No,1
newslo.com,Yes,Yes,Yes,No,No,No,No,No,No,Yes,Yes,Yes,6
silver-coin-investor. com,No,No,No,No,No,No,No,No,No,Yes,No,No,1
mrc.org,No,No,No,No,No,No,No,No,No,Yes,No,No,1
anonews.co,No,Yes,No,No,No,No,No,No,No,No,No,No,1
thefrt.com,No,No,No,No,No,No,No,No,No,No,Yes,No,1
lifenews.com,No,No,No,No,No,No,No,No,No,Yes,No,No,1
thetrace.org,No,No,No,No,No,No,No,No,Yes,No,No,No,1
baltimoregazette.com,No,No,No,No,No,No,No,No,No,No,Yes,No,1
theracketreport.com,No,No,No,No,No,Yes,No,No,No,Yes,Yes,Yes,4
amusmentic.com,No,No,No,No,No,No,No,No,No,Yes,No,No,1
newsleak.co,No,No,No,No,No,No,No,No,No,Yes,No,Yes,2
onlineconservativepress.com,No,No,No,No,No,No,No,No,No,Yes,No,No,1
redrocktribune.com,No,No,No,No,No,No,No,No,No,Yes,No,Yes,2
oftwominds.com,No,No,No,No,No,No,No,No,No,Yes,No,No,1
thestar.com,No,No,No,No,No,No,No,No,Yes,No,No,No,1
amren.com,No,No,No,No,No,No,No,No,No,Yes,No,No,1
instaworldnews.com,No,No,No,No,No,No,No,No,No,Yes,No,No,1
thepoke.co.uk,No,No,No,No,No,No,No,No,No,Yes,No,No,1
awdnews.com,No,No,No,No,No,No,No,No,No,Yes,No,No,1
news14now.com,No,No,No,No,No,No,No,No,No,No,Yes,No,1
21stcenturywire.com,Yes,Yes,No,No,No,No,No,No,Yes,Yes,No,No,4
ahtribune.com,No,No,No,No,No,No,No,No,No,Yes,No,No,1
landoverbaptist.org,No,No,No,No,No,No,No,No,No,Yes,No,No,1
newsexaminer.net,No,No,No,No,No,No,No,No,No,Yes,Yes,Yes,3
bluelinestrong.net,No,No,No,No,No,No,No,No,No,No,No,Yes,1
readconservatives.news,No,No,No,No,No,No,No,No,No,Yes,No,Yes,2
fusionlacedillusions.com,No,No,No,No,No,No,No,No,Yes,No,No,No,1
therightstuff.biz,No,No,No,No,No,No,No,No,No,Yes,No,No,1
halfwaypost.com,No,No,No,No,No,No,No,No,No,No,No,Yes,1
wleb21.com,No,No,No,No,No,No,No,No,No,No,Yes,No,1
theconservativetreehouse.com,No,No,No,No,No,No,No,No,No,No,No,Yes,1
galacticconnection.com,No,No,No,No,No,No,No,No,No,Yes,No,No,1
paulcraigroberts.org,No,No,No,No,No,No,No,No,Yes,Yes,No,No,2
ddemocraticunderground.com,No,No,No,No,No,No,No,No,No,Yes,No,No,1
coed.com,No,No,No,No,No,No,No,No,No,Yes,No,Yes,2
militianews.com,No,No,No,No,No,No,No,No,No,Yes,No,No,1
damnleaks.com,No,No,No,No,No,No,No,No,No,Yes,No,Yes,2
politicalvelcraft.org,No,No,No,No,No,No,No,No,Yes,No,No,No,1
worldrumor.com,No,No,No,No,No,No,No,No,No,Yes,No,No,1
americanreviewer.com,No,No,No,No,No,No,No,No,No,Yes,No,No,1
82.221.129.208,No,No,No,No,No,No,No,No,No,Yes,No,No,1
neonnettle.com,No,No,No,No,No,No,No,No,Yes,Yes,Yes,Yes,4
sensationalisttimes.com,No,No,No,No,No,No,No,No,No,Yes,No,No,1
local31news.com,No,No,No,No,No,No,No,No,No,Yes,No,Yes,2
bostonleader.com,No,No,No,No,No,No,No,No,No,Yes,Yes,Yes,3
journaldemourreal.com,No,No,No,No,No,No,No,No,No,No,Yes,No,1
anotherdayintheempire.com,No,No,No,No,No,No,No,No,No,Yes,No,No,1
newswatch28.com,No,No,No,No,No,No,No,No,No,Yes,No,No,1
usadailytime.com,No,No,No,No,No,No,No,No,No,Yes,Yes,Yes,3
ufoholic.com,No,No,No,No,No,No,No,No,No,Yes,No,No,1
consciouslifenews.com,Yes,Yes,No,No,No,No,No,No,Yes,Yes,No,No,4
geoengineeringwatch.org,Yes,No,No,No,No,No,No,No,No,Yes,No,No,2
sheepkillers.com,No,No,No,No,No,No,No,No,No,Yes,No,No,1
whatdoesitmean.com,No,No,No,No,No,No,No,No,No,Yes,No,Yes,2
bostonherald.com,No,No,No,No,No,No,No,No,Yes,No,No,No,1
freerepublic.com,No,No,No,No,No,No,No,No,No,No,No,Yes,1
assassinationscience.com,No,No,No,No,No,No,No,No,No,Yes,No,No,1
truthkings.com,No,No,No,No,No,No,No,No,No,Yes,No,No,1
eyeopening.info,No,No,No,No,No,No,No,No,No,Yes,No,No,1
dailynewsbin.com,No,No,No,No,No,No,No,No,No,Yes,No,No,1
itmakessenseblog.com,No,No,No,No,No,No,No,No,No,Yes,No,No,1
nasamoonhoax.com,No,No,No,No,No,No,No,No,No,Yes,No,No,1
politicops.com,Yes,No,No,No,Yes,No,No,No,No,Yes,Yes,Yes,5
winkprogress.com,No,No,No,No,No,No,No,No,No,Yes,No,No,1
davidduke.com,No,No,No,No,No,No,No,No,No,Yes,No,No,1
world.politics.com,No,No,No,No,No,No,No,No,No,No,No,Yes,1
usasnich.com,No,No,No,No,No,No,No,No,No,Yes,No,Yes,2
usaconservativereport.com,No,No,No,No,No,No,No,No,No,No,No,Yes,1
nativeamericans.us,No,No,No,No,No,No,No,No,No,No,No,Yes,1
cityworldnews.com,No,No,No,No,No,No,No,No,No,Yes,No,No,1
kbc14.com,No,No,No,No,No,No,No,No,No,No,No,Yes,1
tmzworldstarnews.com,No,No,No,No,No,No,No,No,No,No,Yes,No,1
chemtrailsplanet.net,No,No,No,No,No,No,No,No,Yes,No,No,No,1
supremepatriot.com,No,No,No,No,No,No,No,No,No,Yes,No,Yes,2
freeinquirer.com,No,No,No,No,No,No,No,No,No,No,Yes,No,1
landrypost.com,No,No,No,No,No,No,No,No,No,No,Yes,No,1
maywoodpost.com,No,No,No,No,No,No,No,No,No,No,Yes,No,1
globalrevolutionnetwork.com,No,No,No,No,No,No,No,No,No,No,No,Yes,1
aheadoftheherd.com,No,No,No,No,No,No,No,No,No,Yes,No,No,1
thirdestatenewsgroup.com,No,No,No,No,No,No,No,No,No,No,No,Yes,1
westfieldpost.com,No,No,No,No,No,No,No,No,No,No,No,Yes,1
betootaadvocate.com,No,No,No,No,No,No,No,No,No,Yes,No,No,1
rightwingnews.com,No,No,No,No,No,No,No,No,No,Yes,No,No,1
creambmp.com,Yes,Yes,No,No,No,No,No,No,No,Yes,No,No,3
occupydemocrats.com,No,Yes,No,No,No,No,No,No,Yes,Yes,No,No,3
viralspeech.com,No,No,No,No,No,No,No,No,No,No,Yes,No,1
conservativepapers.com,No,No,No,No,No,No,No,No,No,Yes,No,No,1
federalistpress.com,No,No,No,No,No,No,No,No,No,Yes,No,No,1
thelapine.ca,Yes,No,No,No,No,Yes,No,No,No,No,No,No,2
themindunleashed.com,No,No,No,No,No,No,No,No,No,Yes,No,No,1
newsconservative.com,No,No,No,No,No,No,No,No,No,No,Yes,Yes,2
der-postillon.com,No,No,No,No,No,No,No,No,No,Yes,No,No,1
kcst7.com,No,No,No,No,No,No,No,No,No,No,No,Yes,1
dailykos.com,No,No,No,No,No,No,No,No,No,Yes,No,No,1
liveactionnews.org,No,No,No,No,No,No,No,No,No,Yes,No,No,1
dailyworldupdate.com,No,No,No,No,No,No,No,No,No,No,Yes,No,1
asia-pacificresearch.com,No,No,No,No,No,No,No,No,No,Yes,No,No,1
sonsoflibertyradio.com,No,No,No,No,No,No,No,No,No,Yes,No,No,1
stateofthenation2012.com,No,No,No,No,No,No,No,No,Yes,No,No,No,1
macedoniaonline.eu,No,No,No,No,No,No,No,No,No,No,No,Yes,1
the-postillon.com,No,No,No,No,No,No,No,No,No,No,No,Yes,1
bluenationreview.com,No,Yes,No,No,No,No,No,No,No,Yes,No,No,2
skeptiko.com,No,No,No,No,No,No,No,No,No,Yes,No,No,1
headlinebrief.com,No,No,No,No,No,No,No,No,No,No,Yes,No,1
globalpoliticsnow.com,No,No,No,No,No,No,No,No,No,Yes,No,Yes,2
oilgeopolitics.net,No,No,No,No,No,No,No,No,No,Yes,No,No,1
downtrend.com,No,No,No,No,No,No,No,No,No,Yes,No,No,1
16wmpo.com,No,No,No,No,No,No,No,No,No,Yes,No,Yes,2
newsdaily27.com,No,No,No,No,No,No,No,No,No,No,Yes,No,1
wonkie.com,No,No,No,No,No,No,No,No,No,Yes,No,No,1
disclosuremedia.net,No,No,No,No,No,No,No,No,No,Yes,No,No,1
sentinelblog.com,No,No,No,No,No,No,No,No,No,Yes,No,No,1
politicsintheusa.com,No,No,No,No,No,No,No,No,No,Yes,No,No,1
dailyusaupdate.com,No,No,No,No,No,No,No,No,No,Yes,No,Yes,2
en-bref.fr,No,No,No,No,No,No,No,No,No,No,Yes,No,1
newsformetoday.com,No,No,No,No,No,No,No,No,No,No,No,Yes,1
johnnyrobish.com,No,No,No,No,No,No,No,No,No,Yes,No,No,1
mediamatters.org,No,No,No,No,No,No,No,No,Yes,No,No,No,1
rhotv.com,No,No,No,No,No,No,No,No,No,Yes,No,No,1
dailysnark.com,No,No,No,No,No,No,No,No,No,Yes,No,Yes,2
thetimesoftheworld.com,No,No,No,No,No,No,No,No,No,Yes,No,No,1
bigbluevision.com,No,No,No,No,No,No,No,No,No,Yes,No,No,1
thepoliticalinsider.com,No,No,No,No,No,No,No,No,No,Yes,No,Yes,2
donaldtrumppotus45.com,No,No,No,No,No,No,No,No,No,Yes,No,Yes,2
unitedmediapublishing.com,No,No,No,No,No,No,No,No,No,Yes,Yes,No,2
usaworldbox.com,No,No,No,No,No,No,No,No,No,No,No,Yes,1
worldnewscircle.com,No,No,No,No,No,No,No,No,No,No,No,Yes,1
abcn.ws,No,No,No,No,No,No,No,No,Yes,No,No,No,1
therundownlive.com,Yes,No,No,No,No,No,No,No,No,No,No,No,1
usadailypolitics.com,No,No,No,No,No,No,No,No,No,Yes,No,No,1
flashnewscorner.com,No,No,No,No,No,No,No,No,No,Yes,No,Yes,2
realnewsrightnow.com,Yes,Yes,No,No,Yes,No,No,No,No,Yes,Yes,Yes,6
madashellnews.com,No,No,No,No,No,No,No,No,Yes,No,No,No,1
theonion.com,Yes,Yes,Yes,Yes,Yes,Yes,No,No,No,Yes,No,No,7
hoax.trendolizer.com,No,No,No,No,No,No,No,No,Yes,No,No,No,1
newsfrompolitics.com,No,No,No,No,No,No,No,No,No,Yes,No,No,1
thetrumpmedia.com,No,No,No,No,No,No,No,No,No,Yes,No,Yes,2
newsnow17.com,No,No,No,No,No,No,No,No,No,No,Yes,No,1
12minutos.com,No,No,No,No,No,No,No,No,No,No,Yes,No,1
livevote.com,No,No,No,No,No,No,No,No,No,Yes,No,No,1
politicalsitenews.com,No,No,No,No,No,No,No,No,No,Yes,No,No,1
wrejnews.com,No,No,No,No,No,No,No,No,No,No,Yes,No,1
worldnewsdailyreport.com,Yes,Yes,No,No,No,Yes,No,Yes,No,Yes,Yes,Yes,7
newsuptoday.com,No,No,No,No,No,No,No,No,No,No,No,Yes,1
democraticmoms.com,No,No,No,No,No,No,No,No,No,No,No,Yes,1
usatoday.com.co,No,No,No,No,No,No,No,No,No,Yes,No,No,1
coffeebreakforyou.com,No,No,No,No,No,No,No,No,No,No,No,Yes,1
patriotrising.com,No,No,No,No,No,No,No,No,No,Yes,No,No,1
newsdaily12.com,No,No,No,No,No,No,No,No,No,Yes,No,Yes,2
flyheight.com,No,No,No,No,No,No,No,No,No,No,No,No,0
liberty-courier.com,No,No,No,No,No,No,No,No,No,No,No,Yes,1
automotostar.com,No,No,No,No,No,No,No,No,No,Yes,No,No,1
awazetribune.com,No,No,No,No,No,No,No,No,No,Yes,No,No,1
channel34news.com,No,No,No,No,No,No,No,No,No,No,Yes,No,1
cnoticias.net,No,No,No,No,No,No,No,No,No,No,Yes,No,1
bluevisionpost.com,No,No,No,No,No,No,No,No,No,No,No,Yes,1
jameslico.com,No,No,No,No,No,No,No,No,Yes,No,No,No,1
rense.com,No,No,No,No,No,No,No,No,No,Yes,No,No,1
bizstandardnews.com,No,No,No,No,No,No,No,No,No,No,Yes,No,1
gomerblog.com,Yes,No,No,No,No,No,No,No,No,Yes,No,No,2
thepremiumnews.com,No,No,No,No,No,No,No,No,No,No,No,Yes,1
newsbreakingspipe.com,No,No,No,No,No,No,No,No,No,No,No,Yes,1
factrider.com,No,No,No,No,No,No,No,No,No,No,No,Yes,1
christianfightback.com,No,No,No,No,No,No,No,No,No,Yes,No,No,1
usa360-tv.com,No,No,No,No,No,No,No,No,No,No,No,Yes,1
krb7.com,No,No,No,No,No,No,No,No,No,No,No,Yes,1
sportspickle.com,No,No,No,No,No,No,No,No,No,Yes,No,No,1
newcenturytimes.com,No,No,No,No,No,No,No,No,No,Yes,No,No,1
stneotscitizen.com,No,No,No,No,No,No,No,No,No,Yes,No,No,1
themiamigazette.com,No,No,No,No,No,No,No,No,No,No,No,Yes,1
oathkeepers.org,No,No,No,No,No,No,No,No,No,Yes,No,No,1
bostontribune.com,No,No,No,No,No,No,No,No,No,Yes,No,Yes,2
reaganwasright.com,No,No,No,No,No,No,No,No,No,No,Yes,No,1
pressunion.org,No,No,No,No,No,No,No,No,No,No,Yes,No,1
commondreams.org,No,No,No,No,No,No,No,No,No,Yes,No,No,1
borowitzreport.com,No,No,No,No,No,No,No,No,No,Yes,No,No,1
timesofcambodia.com,No,No,No,No,No,No,No,No,No,No,Yes,No,1
dailybuzzlive.com,Yes,No,Yes,No,No,No,No,No,No,Yes,No,Yes,4
usanewsinsider.com,No,No,No,No,No,No,No,No,No,Yes,No,No,1
embols.com,No,No,No,No,No,No,No,No,No,Yes,No,No,1
politicalblindspot.com,Yes,No,No,No,No,No,No,No,No,Yes,No,No,2
cryptogon.com,No,No,No,No,No,No,No,No,No,Yes,No,No,1
jamesfetzer.blogspot.com,No,No,No,No,No,No,No,No,Yes,No,No,No,1
chaser.com.au,No,No,No,No,No,No,No,No,No,Yes,No,No,1
pollhype.com,No,No,No,No,No,No,No,No,No,Yes,No,No,1
freedomworldnews.com,No,No,No,No,No,No,No,No,No,Yes,No,No,1
disclose.tv,Yes,No,Yes,No,No,No,No,No,No,Yes,No,Yes,4
abeldanger.net,No,No,No,No,No,No,No,No,Yes,Yes,No,No,2
liberaldarkness.com,No,No,No,No,No,No,No,No,No,Yes,No,No,1
www.rt.com,No,No,No,No,No,No,No,No,No,Yes,No,No,1
dutchsinse.com,No,No,No,No,No,No,No,No,No,Yes,No,No,1
dailystormer.com,No,No,No,No,No,No,No,No,Yes,Yes,No,Yes,3
in5d.com,No,No,No,No,No,No,No,No,No,Yes,No,No,1
platosguns.com,No,No,No,No,No,No,No,No,No,Yes,No,No,1
smag31.com,No,No,No,No,No,No,No,No,No,Yes,No,Yes,2
weconservative.com,No,No,No,No,No,No,No,No,No,No,Yes,Yes,2
uslifetoday.com,No,No,No,No,No,No,No,No,No,Yes,No,No,1
frontpagemag.com,No,No,No,No,No,No,No,No,No,Yes,No,No,1
sitsshow.blogspot.com,No,No,No,No,No,No,No,No,Yes,No,No,No,1
foxnews.com,No,No,No,No,No,No,No,No,Yes,No,No,No,1
dailyoccupation.com,No,No,No,No,No,No,No,No,No,Yes,No,No,1
chronicle.su,Yes,No,No,No,No,No,No,No,No,Yes,No,No,2
conservativeinfidel.com,No,No,No,No,No,No,No,No,No,Yes,No,No,1
ourlandofthefree.com,No,No,No,No,No,No,No,No,No,No,No,Yes,1
counterjihad.com,No,No,No,No,No,No,No,No,No,Yes,No,No,1
angrypatriotmovement.com,No,No,No,No,No,No,No,No,No,Yes,No,Yes,2
rockcitytimes.com,Yes,No,No,No,No,No,No,No,No,Yes,No,No,2
thetruthaboutcancer.com,No,No,No,No,No,No,No,No,No,Yes,No,No,1
enduringvision.com,Yes,Yes,No,No,No,No,No,No,No,Yes,No,No,3
actforamerica.org/news,No,No,No,No,No,No,No,No,No,Yes,No,No,1
bignuggetnews.com,No,No,No,No,No,No,No,No,No,Yes,No,No,1
yournationnews.com,No,No,No,No,No,No,No,No,No,Yes,No,No,1
pjmedia.com,No,No,No,No,No,No,No,No,No,Yes,No,No,1
therealstrategy.com,No,No,No,No,No,No,No,No,Yes,Yes,No,No,2
stormcloudsgathering.com,No,No,No,No,No,No,No,No,No,Yes,No,No,1
usa-television.com,No,No,No,No,No,No,No,No,No,Yes,No,Yes,2
theworldupdate.com,No,No,No,No,No,No,No,No,No,No,No,Yes,1
shoebat.com,No,No,No,No,No,No,No,No,No,Yes,No,No,1
independentminute.com,No,No,No,No,No,No,No,No,No,No,No,Yes,1
viralliberty.com,No,No,No,No,No,No,No,No,No,Yes,No,No,1
greenmedinfo.com,No,No,No,No,No,No,No,No,No,Yes,No,No,1
amtvmedia.com,No,No,No,No,No,No,No,No,No,Yes,No,No,1
nachrichten365.com,No,No,No,No,No,No,No,No,No,No,Yes,No,1
rawstory.com,No,No,No,No,No,No,No,No,Yes,Yes,No,No,2
thehill.com,No,No,No,No,No,No,No,No,Yes,No,No,No,1
westernjournalism.com,No,No,No,No,No,No,No,No,No,Yes,No,No,1
abcnewsgo.co,No,No,No,No,No,No,No,No,No,Yes,No,No,1
a-news24.com,No,No,No,No,No,No,No,No,No,No,No,Yes,1
off-guardian.org,No,No,No,No,No,No,No,No,No,Yes,No,No,1
channel60news.com,No,No,No,No,No,No,No,No,No,No,Yes,No,1
straightstoned.com,No,No,No,No,No,No,No,No,No,No,Yes,No,1
countyweekly.com,No,No,No,No,No,No,No,No,No,No,Yes,No,1
foodbabe.com,No,No,No,No,No,No,No,No,No,Yes,No,No,1
jonesreport.com,Yes,No,No,No,No,No,No,No,No,Yes,No,No,2
americanthinker.com,No,No,No,No,No,No,No,No,No,Yes,No,No,1
redcountry.us,No,No,No,No,No,No,No,No,No,Yes,Yes,Yes,3
washingtonpost.com.co,No,No,No,No,No,No,No,No,No,Yes,No,Yes,2
dailycurrant.com,Yes,No,No,No,No,Yes,No,No,No,Yes,Yes,No,4
brotherjohnf.com,No,No,No,No,No,No,No,No,No,Yes,No,No,1
usanewstoday.com,No,No,No,No,No,No,No,No,No,Yes,No,Yes,2
newswatch33.com,No,No,No,No,No,No,No,No,No,Yes,Yes,No,2
city-herald.com,No,No,No,No,No,No,No,No,No,No,No,Yes,1
weekendpoliticalnews.com,No,No,No,No,No,No,No,No,No,No,No,Yes,1
zootfeed.com,No,No,No,No,No,No,No,No,No,Yes,No,No,1
ladylibertysnews.com,No,No,No,No,No,No,No,No,No,No,No,Yes,1
presidentialvoting2016.com,No,No,No,No,No,No,No,No,No,Yes,No,No,1
politicono.com,No,No,No,No,No,No,No,No,No,Yes,No,Yes,2
realfarmacy.com,Yes,No,No,No,No,No,No,No,No,Yes,No,No,2
informationclearinghouse.info,No,No,No,No,No,No,No,No,No,Yes,No,No,1
everydaybreakingnews.com,No,No,No,No,No,No,No,No,No,No,Yes,No,1
christiantoday.info,No,No,No,No,No,No,No,No,No,No,No,Yes,1
uspoliticslive.com,No,No,No,No,No,No,No,No,No,Yes,No,No,1
breakingtop.world,No,No,No,No,No,No,No,No,No,No,No,Yes,1
knowledgeoftoday.org,No,No,No,No,No,No,No,No,No,Yes,No,No,1
conservativedailypost.com,No,No,No,No,No,No,No,No,No,Yes,No,Yes,2
elelephantintheroom.blogspot.com,No,No,No,No,No,No,No,No,No,Yes,No,No,1
concisepolitics.com,No,No,No,No,No,No,No,No,No,Yes,No,No,1
christwire.org,Yes,Yes,No,No,No,No,No,No,No,Yes,No,No,3
amposts.com,No,No,No,No,No,No,No,No,No,Yes,No,Yes,2
cbsnews.com.co,No,No,No,No,No,No,No,No,No,Yes,No,No,1
presstv.ir,No,No,No,No,No,No,No,No,No,Yes,No,No,1
freddymag.com,No,No,No,No,No,No,No,No,No,No,Yes,No,1
newzmagazine.com,No,No,No,No,No,No,No,No,No,No,No,Yes,1
ijr.com,No,No,No,No,No,No,No,No,No,Yes,No,No,1
interestingdailynews.com,No,No,No,No,No,No,No,No,No,Yes,No,Yes,2
ushealthyadvisor.com,No,No,No,No,No,No,No,No,No,Yes,No,Yes,2
creativitymovement.net/category/news/,No,No,No,No,No,No,No,No,No,Yes,No,No,1
investmentresearchdynamics.com,No,No,No,No,No,No,No,No,No,Yes,No,No,1
rilenews.com,Yes,Yes,No,No,Yes,No,No,No,No,Yes,Yes,No,5
duffelblog.com,Yes,Yes,Yes,No,No,No,No,No,No,No,No,Yes,4
truepundit.com,No,No,No,No,No,No,No,No,No,Yes,No,No,1
libertyblitzkrieg.com,No,No,No,No,No,No,No,No,No,Yes,No,No,1
socialeverythings.com,No,No,No,No,No,No,No,No,No,Yes,No,Yes,2
denverinquirer.com,No,No,No,No,No,No,No,No,No,No,Yes,Yes,2
channel45news.com,No,No,No,No,No,No,No,No,No,No,Yes,No,1
channel46news.com,No,No,No,No,No,No,No,No,No,No,Yes,No,1
liberalamerica.org,No,No,No,No,No,No,No,No,No,Yes,No,No,1
express.co.uk,No,No,No,No,No,No,No,No,Yes,Yes,No,No,2
drudgereport.com,No,No,No,No,No,No,No,No,No,Yes,No,No,1
attn.com,No,No,No,No,No,No,No,No,No,Yes,No,No,1
abcnews-us.com,No,No,No,No,No,No,No,No,No,No,Yes,No,1
londonwebnews.com,No,No,No,No,No,No,No,No,No,No,No,Yes,1
thedailybeast.com,No,No,No,No,No,No,No,No,Yes,No,No,No,1
fuhrerious88blog.wordpress.com,No,No,No,No,No,No,No,No,Yes,No,No,No,1
channel18news.com,No,No,No,No,No,No,No,No,No,Yes,Yes,Yes,3
thenewsnerd.com,Yes,No,No,Yes,No,No,No,No,No,Yes,Yes,No,4
urdoca.com,No,No,No,No,No,No,No,No,No,No,No,Yes,1
washingtonfeed.com,No,No,No,No,No,No,No,No,No,No,No,Yes,1
maganews.co,No,No,No,No,No,No,No,No,No,Yes,No,No,1
mrconservative.com,No,No,No,No,No,No,No,No,No,Yes,No,No,1
truthbroadcastnetwork.com,No,No,No,No,No,No,No,No,No,Yes,No,No,1
USAToday.com.co,No,No,No,No,No,No,Yes,Yes,No,No,No,No,2
lifeprevention.com,No,No,No,No,No,No,No,No,No,Yes,No,No,1
thelibertymill.com,No,No,No,No,No,No,No,No,No,Yes,No,No,1
channel40news.com,No,No,No,No,No,No,No,No,No,No,Yes,No,1
surreytelegraph.com,No,No,No,No,No,No,No,No,No,No,Yes,No,1
rumormillnews.com,No,No,No,No,No,No,No,No,Yes,Yes,No,No,2
rogue-nation3.com,No,No,No,No,No,No,No,No,No,Yes,No,Yes,2
thedcgazette.com,Yes,Yes,Yes,No,Yes,No,No,No,No,No,No,No,4
wnd.com,No,No,No,No,No,No,No,No,No,Yes,No,No,1
lovethispic.com,No,No,No,No,No,No,No,No,No,Yes,No,No,1
canadafreepress.com,No,No,No,No,No,No,No,No,No,Yes,No,No,1
theeconomiccollapseblog.com,No,No,No,No,No,No,No,No,No,Yes,No,No,1
channel63news.com,No,No,No,No,No,No,No,No,No,No,Yes,No,1
satiratribune.com,No,No,No,No,No,No,No,Yes,No,Yes,Yes,Yes,4
jamesrgrangerjr.com,No,No,No,No,No,No,No,No,No,Yes,No,No,1
themuslimissue.wordpress.com,No,No,No,No,No,No,No,No,No,Yes,No,No,1
scoopfeed.net,No,No,No,No,No,No,No,No,Yes,No,No,No,1
morningledger.com,No,No,No,No,No,No,No,No,No,Yes,No,No,1
kata33.com,No,No,No,No,No,No,No,No,No,No,Yes,No,1
ladylibertynews.com,No,No,No,No,No,No,No,No,No,Yes,No,No,1
dailytelegraph.com.au,No,No,No,No,No,No,No,No,No,Yes,No,No,1
scrappleface.com,No,No,No,No,No,No,No,No,No,Yes,No,No,1
politicalears.com,Yes,No,No,No,No,No,No,No,No,Yes,No,No,2
pravda.ru,No,No,No,No,No,No,No,No,No,Yes,No,No,1
tmzbreaking.com,No,No,No,No,No,No,No,No,No,No,Yes,No,1
noticias-frescas.com,No,No,No,No,No,No,No,No,No,No,Yes,No,1
wftj8news.com,No,No,No,No,No,No,No,No,No,No,Yes,No,1
libertyfederation.com,No,No,No,No,No,No,No,No,No,Yes,No,No,1
truthfrequencyradio.com,Yes,No,No,No,No,No,No,No,No,Yes,No,No,2
mrnewswatch.com,No,No,No,No,No,No,No,No,No,No,Yes,No,1
americanpeoplenetwork.com,No,No,No,No,No,No,No,No,No,No,No,Yes,1
mbynews.com,No,No,No,No,No,No,No,No,No,No,Yes,No,1
electionnightgatekeepers.com,No,No,No,No,No,No,No,No,No,Yes,No,No,1
usviewer.com,No,No,No,No,No,No,No,No,No,Yes,No,No,1
thenewyorkevening.com,No,No,No,No,No,No,No,No,No,Yes,Yes,Yes,3
babylonbee.com,No,No,No,No,No,No,No,No,No,No,No,Yes,1
freedomcrossroads.us,No,No,No,No,No,No,No,No,No,No,No,Yes,1
religionlo.com,No,No,No,No,No,No,No,No,No,Yes,No,Yes,2
telegraphsun.com,No,No,No,No,No,No,No,No,No,No,Yes,No,1
conspiracyplanet.com,No,No,No,No,No,No,No,No,No,Yes,No,No,1
conservativeinfocorner.com,No,No,No,No,No,No,No,No,No,No,No,Yes,1
wrpm33.com,No,No,No,No,No,No,No,No,No,No,No,Yes,1
nowtheendbegins.com,Yes,No,No,No,No,No,No,No,No,Yes,No,No,2
wm21news.com,No,No,No,No,No,No,No,No,No,No,Yes,No,1
intrendtoday.com,No,No,No,No,No,No,No,No,No,Yes,No,No,1
politicalupdator.com,No,No,No,No,No,No,No,No,No,Yes,No,No,1
newsbiscuit.com,Yes,Yes,No,No,No,No,No,No,No,Yes,Yes,No,4
kty24news.com,No,No,No,No,No,No,No,No,No,No,No,Yes,1
nahadaily.com,No,No,No,No,No,No,No,No,No,Yes,No,No,1
americanpoliticnews.co,No,No,No,No,No,No,No,No,No,Yes,No,Yes,2
newsninja2012.com,No,No,No,No,No,No,No,No,No,Yes,No,No,1
kmt11.com,No,No,No,No,No,No,No,No,No,Yes,Yes,Yes,3
democraticunderground.com,No,No,No,No,No,No,No,No,No,No,No,Yes,1
dailynews5.com,No,No,No,No,No,No,No,No,No,Yes,Yes,Yes,3
bvanews.com,No,No,No,No,No,No,No,No,No,Yes,No,No,1
dailyinfobox.com,No,No,No,No,No,No,No,No,No,Yes,No,Yes,2
newsbysquad.com,No,No,No,No,No,No,No,No,No,Yes,No,Yes,2
lewrockwell.com,Yes,No,No,No,No,No,No,No,Yes,Yes,No,No,3
channel33news.com,No,No,No,No,No,No,No,No,No,No,Yes,No,1
thefederalistpapers.org,No,No,No,No,No,No,No,No,No,Yes,No,No,1
cowgernation.com,No,No,No,No,No,No,No,No,No,Yes,No,No,1
weshapelife.org,No,No,No,No,No,No,No,No,No,Yes,No,No,1
prisonplanet.tv,No,No,No,No,No,No,No,No,No,Yes,No,No,1
yesimright.com,No,No,No,No,No,No,No,No,No,Yes,No,No,1
news4ktla.com,No,No,No,No,No,No,No,No,No,Yes,Yes,Yes,3
kspm33.com,No,No,No,No,No,No,No,No,No,No,Yes,No,1
thenewsdoctors.com,No,No,No,No,No,No,No,No,No,Yes,No,No,1
notallowedto.com,No,No,No,No,No,No,No,No,No,Yes,Yes,Yes,3
barenakedislam.com,No,No,No,No,No,No,No,No,No,Yes,No,No,1
theexaminer.site,No,No,No,No,No,No,No,No,No,No,No,Yes,1
diyhours.net,No,No,No,No,No,No,No,No,No,Yes,No,Yes,2
pamelageller.com,No,No,No,No,No,No,No,No,No,Yes,No,No,1
attitude.co.uk,No,No,No,No,No,No,No,No,No,No,No,Yes,1
dangerandplay.com,No,No,No,No,No,No,No,No,Yes,No,No,No,1
truthandaction.org,No,No,No,No,No,No,No,No,No,Yes,No,No,1
reductress.com,No,No,No,No,No,No,No,No,No,Yes,No,No,1
theshovel.com.au,No,No,No,No,No,No,No,No,No,Yes,No,No,1
nnettle.com,No,No,No,No,No,No,No,No,No,No,No,Yes,1
bullionbullscanada.com,No,No,No,No,No,No,No,No,No,Yes,No,No,1
givemeliberity01.com,No,No,No,No,No,No,No,No,No,Yes,No,No,1
thetruthwins.com,No,No,No,No,No,No,No,No,No,Yes,No,No,1
indiatimes.com,No,No,No,No,No,No,No,No,No,No,No,Yes,1
yourfunpage.com,No,No,No,No,No,No,No,No,No,Yes,No,No,1
channel28news.com,No,No,No,No,No,No,No,No,No,No,Yes,No,1
thetruthdivision.com,No,No,No,No,No,No,No,No,No,Yes,No,No,1
revolutions2040.com,No,No,No,No,No,No,No,No,No,Yes,No,Yes,2
adobochronicles.com,No,No,No,No,No,No,No,No,No,Yes,Yes,No,2
potatriotpost.com,No,No,No,No,No,No,No,No,No,No,Yes,No,1
freeinfomedia.com,No,No,No,No,No,No,No,No,No,No,No,Yes,1
cnewsgo.com,No,No,No,No,No,No,No,No,No,No,No,Yes,1
myfreshnews.com,No,No,No,No,No,No,No,No,No,Yes,No,No,1
ilovemyfreedom.org,No,No,No,No,No,No,No,No,No,Yes,No,No,1
kupr7.com,No,No,No,No,No,No,No,No,No,No,Yes,No,1
aryannationswordwide1488.org,No,No,No,No,No,No,No,No,No,Yes,No,No,1
gulagbound.com,Yes,No,No,No,No,No,No,No,No,Yes,No,No,2
americannewsx.com,No,No,No,No,No,No,No,No,No,Yes,No,No,1
blackinusrancenews.com,No,No,No,No,No,No,No,No,No,Yes,No,No,1
other98.com,No,Yes,No,No,No,No,No,No,No,Yes,No,No,2
channel24news.com,No,No,No,No,No,No,No,No,No,No,Yes,Yes,2
brasschecktv.com,No,No,No,No,No,No,No,No,Yes,No,No,No,1
baldwinpost.com,No,No,No,No,No,No,No,No,No,No,Yes,No,1
unconfirmedsources.com,Yes,No,No,No,No,No,No,No,No,Yes,No,No,2
mirror.co.uk,No,No,No,No,No,No,No,No,Yes,No,No,No,1
the-insider.co,No,No,No,No,No,No,No,No,No,Yes,No,Yes,2
channel23news.com,No,No,No,No,No,No,No,No,No,No,Yes,No,1
redflagnews.com,Yes,No,Yes,No,No,No,No,No,Yes,Yes,No,No,4
bigamericannews.com,Yes,No,No,No,No,No,No,No,No,Yes,No,No,2
givemeliberty01.com,No,No,No,No,No,No,No,No,No,No,No,Yes,1
24x365live.com,No,No,No,No,No,No,No,No,No,No,Yes,Yes,2
realtimepolitics.com,No,No,No,No,No,No,No,No,No,Yes,No,No,1
alertchild.com,No,No,No,No,No,No,No,No,No,No,Yes,No,1
americantoday.news,No,No,No,No,No,No,No,No,No,Yes,No,No,1
conservativepaper.com,No,No,No,No,No,No,No,No,No,No,No,Yes,1
clancyreport.com,No,No,No,No,No,No,No,No,No,No,Yes,No,1
davidwolfe.com,No,No,No,No,No,No,No,No,No,Yes,No,No,1
lucidawakenings.net,No,No,No,No,No,No,No,No,Yes,No,No,No,1
usapoliticsnow.com,No,No,No,No,No,No,No,No,No,Yes,No,Yes,2
ironictimes.com,No,No,No,No,No,No,No,No,No,Yes,No,No,1
newstoad.net,No,No,No,No,No,No,No,No,No,Yes,No,No,1
cnn-internationaledition.com,No,No,No,No,No,No,No,No,No,No,Yes,No,1
pravdareport.com,No,No,No,No,No,No,No,No,No,Yes,No,No,1
twcnews.com,No,No,No,No,No,No,No,No,Yes,No,No,No,1
breakingnews365.net,No,No,No,No,No,No,No,No,No,No,Yes,Yes,2
channel59news.com,No,No,No,No,No,No,No,No,No,No,Yes,No,1
blackinsurancenews.com,No,No,No,No,No,No,No,No,No,No,No,Yes,1
puppetstringnews.com,No,No,No,No,No,No,No,No,No,No,No,Yes,1
witscience.org,Yes,No,No,No,No,No,No,No,No,Yes,Yes,No,3
channel-7-news.com,No,No,No,No,No,No,No,No,No,Yes,No,No,1
americankabuki.blogspot.com,No,No,No,No,No,No,No,No,No,Yes,No,No,1
conservativeflashnews.com,No,No,No,No,No,No,No,No,No,Yes,No,Yes,2
en-volve.com,No,No,No,No,No,No,No,No,No,No,No,Yes,1
cap-news.com,No,No,No,No,No,No,No,No,No,Yes,No,No,1
usadailypost.us,No,No,No,No,No,No,No,No,No,No,No,Yes,1
politicot.com,No,No,No,No,No,No,No,No,No,Yes,Yes,Yes,3
themadisonmisnomer.com,No,No,No,No,No,No,No,No,No,Yes,No,No,1
upi.com,No,No,No,No,No,No,No,No,Yes,No,No,No,1
henrymakow.com,No,No,No,No,No,No,No,No,No,Yes,No,No,1
ky6news.com,No,No,No,No,No,No,No,No,No,No,Yes,No,1
americanflavor.news,No,No,No,No,No,No,No,No,No,No,Yes,Yes,2
jokerviral.com,No,No,No,No,No,No,No,No,No,No,Yes,No,1
iwanttoexplore.com,No,No,No,No,No,No,No,No,No,Yes,No,No,1
americannews.com,Yes,Yes,Yes,No,No,No,No,No,No,Yes,No,Yes,5
proamericanews.com,No,No,No,No,No,No,No,No,No,Yes,No,No,1
knp7.com,No,No,No,No,No,No,No,No,No,No,Yes,No,1
waterfordwhispersnews.com,No,No,No,No,No,No,No,No,No,Yes,No,No,1
usanewshome.com,No,No,No,No,No,No,No,No,No,No,No,Yes,1
islamicanews.com,No,No,No,No,No,No,No,No,No,Yes,No,No,1
citizensunited.org,No,No,No,No,No,No,No,No,No,Yes,No,No,1
gangstergovernment.com,No,No,No,No,No,No,No,No,No,Yes,No,No,1
experimentalvaccines.org,No,No,No,No,No,No,No,No,No,Yes,No,No,1
theeventchronicle.com,No,No,No,No,No,No,No,No,Yes,Yes,No,No,2
notizzia.com,No,No,No,No,No,No,No,No,No,No,Yes,No,1
weeklyworldnews.com,Yes,No,Yes,No,No,Yes,No,No,No,Yes,No,No,4
dataasylum.com,No,No,No,No,No,No,No,No,No,Yes,No,No,1
ustruthwire.com,No,No,No,No,No,No,No,No,No,No,No,Yes,1
coasttocoastam.com,Yes,Yes,No,No,No,No,No,No,No,No,No,No,2
bigbluevision.org,No,No,No,No,No,No,No,No,No,Yes,No,No,1
conservativespirit.com,No,No,No,No,No,No,No,No,No,Yes,No,Yes,2
npiamerica.org,No,No,No,No,No,No,No,No,No,Yes,No,No,1
conservative101.com,No,No,No,No,No,No,No,No,No,No,No,Yes,1
nomorefakenews.com,No,No,No,No,No,No,No,No,No,Yes,No,No,1
teoinfo.com,No,No,No,No,No,No,No,No,No,No,No,Yes,1
channel16news.com,No,No,No,No,No,No,No,No,No,No,Yes,No,1
enabon.com,No,No,No,No,No,No,No,No,No,Yes,No,No,1
satirewire.com,No,No,No,No,No,No,No,No,No,Yes,No,No,1
dailynews11.com,No,No,No,No,No,No,No,No,No,No,Yes,No,1
newsbuzzdaily.com,No,No,No,No,No,No,No,No,No,No,Yes,No,1
healthycareandbeauty.com,No,No,No,No,No,No,No,No,No,Yes,No,Yes,2
worldtruth.tv,Yes,No,Yes,No,No,No,No,No,Yes,Yes,No,Yes,5
thelastlineofdefense.online,No,No,No,No,No,No,No,No,No,No,Yes,No,1
anonjekloy.tk,No,No,No,No,No,No,No,No,No,Yes,No,Yes,2
thewashingtonpress.com,No,No,No,No,No,No,No,No,No,Yes,No,Yes,2
madpatriots.com,No,No,No,No,No,No,No,No,No,Yes,No,No,1
isthatlegit.com,No,No,No,No,No,No,No,No,No,No,No,Yes,1
loanpride.com,No,No,No,No,No,No,No,No,No,Yes,No,No,1
theantimedia.org,No,No,No,No,No,No,No,No,Yes,Yes,No,No,2
alt-market.com,No,No,No,No,No,No,No,No,No,Yes,No,No,1
proudcons.com,No,No,No,No,No,No,No,No,No,Yes,No,No,1
minds.com,No,No,No,No,No,No,No,No,No,No,No,Yes,1
politicspaper.com,No,No,No,No,No,No,No,No,No,No,No,Yes,1
nytimes.com,No,No,No,No,No,No,No,No,Yes,No,No,No,1
openmagazines.com,No,No,No,No,No,No,No,No,No,Yes,No,Yes,2
reagancoalition.com,No,No,No,No,No,No,No,No,No,Yes,No,No,1
usherald.com,No,No,No,No,No,No,No,No,No,Yes,No,Yes,2
philly.com,No,No,No,No,No,No,No,No,Yes,No,No,No,1
floridasunpost.com,No,No,No,No,No,No,No,No,No,Yes,Yes,Yes,3
247newsmedia.com,No,No,No,No,No,No,No,No,No,No,No,Yes,1
lastdeplorables.com,No,No,No,No,No,No,No,No,No,Yes,No,Yes,2
postcard.news,No,No,No,No,No,No,No,No,No,No,No,Yes,1
fellowshipoftheminds.com,No,No,No,No,No,No,No,No,Yes,Yes,No,No,2
x22report.com,No,No,No,No,No,No,No,No,No,Yes,No,No,1
therealshtick.com,No,No,No,No,No,No,No,No,No,No,No,Yes,1
folksvideo.com,No,No,No,No,No,No,No,No,No,No,Yes,No,1
focusnews.info,No,No,No,No,No,No,No,No,No,No,No,Yes,1
healthimpactnews.com,No,No,No,No,No,No,No,No,No,Yes,No,No,1
newyorker.com/humor,No,No,No,No,No,No,No,No,No,Yes,No,No,1
dailyfinesser.com,No,No,No,No,No,No,No,No,No,No,Yes,No,1
conservativetribune.com,No,No,No,No,No,No,No,No,No,Yes,No,No,1
whowhatwhy.org,No,No,No,No,No,No,No,No,No,Yes,No,No,1
themideastbeast.com,No,No,No,No,No,No,No,No,No,Yes,No,No,1
dailyheadlines.com,No,No,No,No,No,No,No,No,No,Yes,No,No,1
elitereaders.com,No,No,No,No,No,No,No,No,No,Yes,No,No,1
enhlive.com,No,No,No,No,No,No,No,No,No,Yes,No,Yes,2
dailydiscord.com,No,No,No,No,No,No,No,No,No,Yes,No,No,1
silverstealers.net,No,No,No,No,No,No,No,No,No,Yes,No,No,1
awm.com,No,No,No,No,No,No,No,No,No,Yes,No,No,1
dailynews3.com,No,No,No,No,No,No,No,No,No,No,Yes,No,1
cartelreport.com,No,No,No,No,No,No,No,No,No,No,Yes,No,1
jesus-is-savior.com,No,No,No,No,No,No,No,No,No,Yes,No,No,1
centerforsecuritypolicy.org/#articles,No,No,No,No,No,No,No,No,No,Yes,No,No,1
williambanzai7.blogspot.com,No,No,No,No,No,No,No,No,No,Yes,No,No,1
stgeorgegazette.com,No,No,No,No,No,No,No,No,No,No,No,Yes,1
cnn.com.de,No,No,No,No,No,No,No,No,No,No,Yes,No,1
newsmutiny.com,Yes,Yes,No,No,No,No,No,No,No,Yes,No,No,3
dailypoliticsusa.com,No,No,No,No,No,No,No,No,No,Yes,No,No,1
gatesofvienna.net,No,No,No,No,No,No,No,No,No,Yes,No,No,1
wrpt16.com,No,No,No,No,No,No,No,No,No,No,Yes,No,1
theguardian.com,No,No,No,No,No,No,No,No,Yes,No,No,No,1
healthy-holistic-living.com,No,No,No,No,No,No,No,No,No,Yes,No,No,1
ihavethetruth.com,No,No,No,No,No,No,No,No,No,Yes,No,No,1
rearfront.com,No,No,No,No,No,No,No,No,No,No,No,Yes,1
washingtonsblog.com,No,No,No,No,No,No,No,No,No,Yes,No,No,1
blackgenocide.org,No,No,No,No,No,No,No,No,No,Yes,No,No,1
infostormer.com,No,No,No,No,No,No,No,No,No,Yes,No,No,1
metropolitanworlds.com,No,No,No,No,No,No,No,No,No,Yes,No,Yes,2
usapoliticszone.com,No,No,No,No,No,No,No,No,No,Yes,No,Yes,2
glaringhypocrisy.com,No,No,No,No,No,No,No,No,No,Yes,No,No,1
theunrealtimes.com,No,No,No,No,No,No,No,No,No,Yes,No,No,1
theseattletribune.com,No,No,No,No,No,No,No,No,No,Yes,Yes,Yes,3
meanlefthook.com,No,No,No,No,No,No,No,No,No,Yes,No,No,1
newspunch.com,No,No,No,No,No,No,No,No,No,No,Yes,No,1
farmwars.info,No,No,No,No,No,No,No,No,No,Yes,No,No,1
nevo.news,No,No,No,No,No,No,No,No,No,Yes,No,No,1
yournewswire.com,No,No,No,No,Yes,No,No,No,Yes,Yes,Yes,Yes,5
theblaze.com,No,No,No,No,No,No,No,No,No,Yes,No,No,1
callthecops.net,No,Yes,No,No,No,Yes,No,No,No,Yes,No,No,3
returnofkings.com,No,No,No,No,No,No,No,No,No,Yes,No,No,1
conservative7.com,No,No,No,No,No,No,No,No,No,No,No,Yes,1
jihadwatch.org,No,No,No,No,No,No,No,No,No,Yes,No,No,1
renegadetribune.com,No,No,No,No,No,No,No,No,Yes,No,No,No,1
dailynews10.com,No,No,No,No,No,No,No,No,No,Yes,No,Yes,2
newsdaily10.com,No,No,No,No,No,No,No,No,No,No,Yes,No,1
thelastlineofdefense.org,No,No,No,No,No,No,No,No,No,Yes,Yes,Yes,3
newobserveronline.com,No,No,No,No,No,No,No,No,Yes,No,No,No,1
cartelpress.com,No,No,No,No,No,No,No,No,No,No,Yes,No,1
heatst.com,No,No,No,No,No,No,No,No,No,Yes,No,No,1
thenochill.com,No,No,No,No,No,No,No,No,No,No,Yes,No,1
nativestuff.us,No,No,No,No,No,No,No,No,No,No,No,Yes,1
naturalblaze.com,No,No,No,No,No,No,No,No,No,Yes,No,No,1
freedomoutpost.com,No,No,No,No,No,No,No,No,Yes,Yes,No,No,2
ushealthylife.com,No,No,No,No,No,No,No,No,No,Yes,No,Yes,2
denverguardian.com,No,No,No,No,No,No,Yes,No,No,Yes,Yes,No,3
politico.com,No,No,No,No,No,No,No,No,Yes,No,No,No,1
scaryhours.com,No,No,No,No,No,No,No,No,No,No,Yes,No,1
nbcnews.com,No,No,No,No,No,No,No,No,Yes,No,No,No,1
armyusanews.com,No,No,No,No,No,No,No,No,No,No,No,Yes,1
webdaily.com,No,No,No,No,No,No,No,No,No,Yes,No,No,1
areyousleep.com,No,No,No,No,No,No,No,No,No,No,Yes,No,1
libertytalk.fm,Yes,No,No,No,No,No,No,No,No,Yes,No,No,2
100percentfedup.com,No,No,No,No,No,No,No,No,No,Yes,No,No,1
realplanetnews.com,No,No,No,No,No,No,No,No,No,Yes,No,No,1
universepolitics.com,No,No,No,No,No,No,No,No,No,Yes,No,Yes,2
itaglive.com,Yes,No,No,No,No,No,No,No,No,Yes,No,No,2
intellihub.com,Yes,No,No,No,No,No,No,No,Yes,Yes,No,No,3
viralactions.com,No,No,No,No,No,No,No,No,No,Yes,Yes,Yes,3
weekendherald.com,No,No,No,No,No,No,No,No,No,No,Yes,No,1
km8news.com,No,No,No,No,No,No,No,No,No,No,Yes,No,1
freedomjunkshun.com,No,No,No,No,No,No,No,No,No,No,No,Yes,1
thedailysheeple.com,Yes,No,No,No,No,No,No,No,Yes,Yes,No,No,3
thetruthseeker.co.uk,No,No,No,No,No,No,No,No,Yes,Yes,No,No,2
thefreepatriot.org,No,No,No,No,No,No,No,No,No,Yes,No,No,1
4threvolutionarywar.wordpress.com,No,No,No,No,No,No,No,No,No,Yes,No,No,1
klponews.com,No,No,No,No,No,No,No,No,No,No,Yes,No,1
forfreedomworld.com,No,No,No,No,No,No,No,No,No,No,No,Yes,1
speld.nl,No,No,No,No,No,No,No,No,No,Yes,No,No,1
theforbiddenknowledge.com,No,No,No,No,No,No,No,No,No,Yes,No,No,1
intrepidreport.com,No,No,No,No,No,No,No,No,No,Yes,No,No,1
usadailyinfo.com,No,No,No,No,No,No,No,No,No,Yes,No,Yes,2
adflegal.org/media,No,No,No,No,No,No,No,No,No,Yes,No,No,1
objectiveministries.org,No,No,No,No,No,No,No,No,No,Yes,No,No,1
presstv.com,No,No,No,No,No,No,No,No,Yes,Yes,No,No,2
ifyouonlynews.com,No,No,No,No,Yes,No,No,No,No,Yes,No,No,2
newsmax.com,No,No,No,No,No,No,No,No,No,Yes,No,No,1
beforeitsnews.com,Yes,No,Yes,No,No,No,No,No,Yes,Yes,No,Yes,5
freedomdaily.com,No,No,No,No,No,No,No,No,No,Yes,No,Yes,2
deadlinelive.info,No,No,No,No,No,No,No,No,No,Yes,No,No,1
ladiesofliberty.net,No,No,No,No,No,No,No,No,No,No,Yes,No,1
thenewamerican.com,No,No,No,No,No,No,No,No,No,Yes,No,No,1
dailynewsposts.info,No,No,No,No,No,No,No,No,No,Yes,No,Yes,2
mediamaxzone.com,No,No,No,No,No,No,No,No,No,No,No,Yes,1
fourwinds10.net,No,No,No,No,No,No,No,No,No,Yes,No,No,1
channel56news.com,No,No,No,No,No,No,No,No,No,No,Yes,No,1
glossynews.com,No,No,No,No,No,No,No,No,No,Yes,No,No,1
mediaite.com,No,No,No,No,No,No,No,No,Yes,No,No,No,1
majorthoughts.com,No,No,No,No,No,No,No,No,No,Yes,No,Yes,2
heartland.org,No,No,No,No,No,No,No,No,No,Yes,No,No,1
fridaymash.com,No,No,No,No,No,No,No,No,No,Yes,No,No,1
patdollar.com,No,No,No,No,No,No,No,No,No,Yes,No,No,1
wundergroundmusic.com,No,No,No,No,No,No,No,No,No,Yes,No,No,1
unitednews.org,No,No,No,No,No,No,No,No,No,No,Yes,No,1
cbc.ca,No,No,No,No,No,No,No,No,Yes,No,No,No,1
collective-evolution.com,No,Yes,No,No,No,No,No,No,No,Yes,No,No,2
endingthefed.com,No,No,No,No,No,No,No,No,No,Yes,No,No,1
thedailywtf.com,No,No,No,No,No,No,No,No,No,Yes,No,No,1
libertymovementradio.com,Yes,No,No,No,No,No,No,No,No,Yes,No,No,2
tdtalliance.com,No,No,No,No,No,No,No,No,No,Yes,No,Yes,2
breakingnewsblast.com,No,No,No,No,No,No,No,No,No,No,No,Yes,1
veteransfordonaldtrump.com,No,No,No,No,No,No,No,No,No,No,No,Yes,1
teaparty.org,No,No,No,No,No,No,No,No,No,Yes,No,Yes,2
thebostontribune.com,No,No,No,No,Yes,No,No,No,No,Yes,Yes,No,3
viralpropaganda.com,No,No,No,No,No,No,No,No,No,No,Yes,No,1
breakingnews247.net,No,No,No,No,No,No,No,No,No,No,Yes,Yes,2
ilovenativeamericans.us,No,No,No,No,No,No,No,No,No,No,No,Yes,1
thesolexchange.com,No,No,No,No,No,No,No,No,No,No,No,Yes,1
uspoln.com,No,No,No,No,No,No,No,No,No,Yes,Yes,Yes,3
alabamaobserver.com,No,No,No,No,No,No,No,No,No,No,Yes,Yes,2
worldpoliticsus.com,No,No,No,No,No,No,No,No,No,Yes,No,No,1
dublintribune.com,No,No,No,No,No,No,No,No,No,No,Yes,No,1
washingtonpost.com,No,No,No,No,No,No,No,No,Yes,No,No,No,1
offgridsurvival.com,No,No,No,No,No,No,No,No,No,Yes,No,No,1
americanpatriotdaily.com,No,No,No,No,No,No,No,No,No,Yes,No,No,1
rightalert.com,No,No,No,No,No,No,No,No,No,Yes,No,No,1
goneleft.com,No,No,No,No,No,No,No,No,No,Yes,No,No,1
deepinsidetherabbithole.com,No,No,No,No,No,No,No,No,Yes,No,No,No,1
24online.news,No,No,No,No,No,No,No,No,No,No,No,Yes,1
uspoliticsinfo.com,No,No,No,No,No,No,No,No,No,No,No,Yes,1
secretsofthefed.com,No,No,No,No,No,No,No,No,Yes,Yes,No,No,2
topinfopost.con,No,No,No,No,No,No,No,No,No,No,No,Yes,1
sjlendman.blogspot.com,No,No,No,No,No,No,No,No,No,Yes,No,No,1
anews24.org/,No,No,No,No,No,No,No,No,No,Yes,No,Yes,2
usfanzone.com,No,No,No,No,No,No,No,No,No,Yes,No,No,1
bikers4trump.com,No,No,No,No,No,No,No,No,Yes,No,No,No,1
lopezreport.com,No,No,No,No,No,No,No,No,No,No,Yes,No,1
news.sky.com,No,No,No,No,No,No,No,No,Yes,No,No,No,1
occupyliberals.com,No,No,No,No,No,No,No,No,No,Yes,No,No,1
dailysurge.com,No,No,No,No,No,No,No,No,No,Yes,No,Yes,2
southernconservativeextra.com,No,No,No,No,No,No,No,No,No,No,No,Yes,1
patriotnewsdaily.com,No,No,No,No,No,No,No,No,No,Yes,No,No,1
usinfonews.com,No,No,No,No,No,No,No,No,No,Yes,No,Yes,2
nunadisbereel.com,No,No,No,No,No,No,No,No,No,No,No,Yes,1
threepercenternation.com,No,No,No,No,No,No,No,No,No,Yes,No,No,1
stuppid.com,No,No,No,No,No,No,No,Yes,No,Yes,Yes,No,3
mediazone.news,No,No,No,No,No,No,No,No,No,Yes,No,No,1
counterpsyops.com,Yes,No,No,No,No,No,No,No,No,Yes,No,No,2
thelastgreatstand.com,No,No,No,No,No,No,No,No,No,Yes,No,No,1
conservativehq.com,No,No,No,No,No,No,No,No,No,Yes,No,No,1
libertyvideos.org,Yes,No,No,No,No,No,No,No,No,Yes,No,No,2
channel17news.com,No,No,No,No,No,No,No,No,No,No,Yes,No,1
