,Source,Fake News Watch,The Daily Dot,U.S. News and World Report,New Republic,CBS News,about.com,NPR,Snopes Field Guide,Kate Starbird,Opensources,Craig Silverman,Politifact,n_consensus,domain,volume
0,snoopack.com,No,No,No,No,No,No,No,No,No,No,No,Yes,1,,
1,fognews.ru,No,No,No,No,No,No,No,No,No,Yes,No,No,1,fognews.ru,5.0
2,alynews.com,No,No,No,No,No,No,No,No,No,No,Yes,No,1,,
3,godlikeproductions.com,No,No,No,No,No,No,No,No,No,Yes,No,No,1,,
4,usahitman.com,No,No,No,No,No,No,No,No,No,Yes,No,No,1,,
5,dallastimes.us,No,No,No,No,No,No,No,No,No,No,Yes,No,1,,
6,guerilla.news,No,No,No,No,No,No,No,No,No,No,No,Yes,1,,
7,sputniknews.com,No,No,No,No,No,No,No,No,Yes,Yes,No,No,2,,
8,liberalplug.com,No,No,No,No,No,No,No,No,No,Yes,No,Yes,2,,
9,drudgereport.com.co,No,No,No,No,No,No,No,No,No,Yes,No,No,1,,
10,firstpost.com,No,No,No,No,No,No,No,No,No,No,No,Yes,1,,
11,regated.com,No,No,No,No,No,No,No,No,No,Yes,No,No,1,,
12,nationonenews.com,No,No,No,No,No,No,No,No,No,Yes,No,No,1,,
13,naturalnewsblogs.com,No,No,No,No,No,No,No,No,No,Yes,No,No,1,,
14,icr.org,No,No,No,No,No,No,No,No,No,Yes,No,No,1,,
15,memoryholeblog.com,No,No,No,No,No,No,No,No,Yes,No,No,No,1,,
16,darkmoon.me,No,No,No,No,No,No,No,No,No,Yes,No,No,1,,
17,ebolahoax.com,No,No,No,No,No,No,No,No,No,Yes,No,No,1,,
18,duhprogressive.com,Yes,No,No,No,No,No,No,No,No,Yes,No,No,2,,
19,onepoliticalplaza.com,No,No,No,No,No,No,No,No,No,Yes,No,Yes,2,,
20,horowitzfreedomcenter.org,No,No,No,No,No,No,No,No,No,Yes,No,No,1,,
21,darkpolitricks.com,No,No,No,No,No,No,No,No,No,Yes,No,No,1,,
22,therussophile.org,No,No,No,No,No,No,No,No,Yes,No,No,No,1,,
23,tmzuncut.com,No,No,No,No,No,No,No,No,No,No,Yes,No,1,,
24,m.palmbeachpost.com,No,No,No,No,No,No,No,No,Yes,No,No,No,1,,
25,viraltube.nl,No,No,No,No,No,No,No,No,No,Yes,No,No,1,,
26,bigbluedimension.com,No,No,No,No,No,No,No,No,No,Yes,No,No,1,,
27,localnews33.com,No,No,No,No,No,No,No,No,No,No,Yes,No,1,,
28,undergroundnewsreport.com,No,No,No,No,No,No,No,No,No,Yes,Yes,Yes,3,,
29,thehardtimes.net,No,No,No,No,No,No,No,No,No,Yes,No,No,1,,
30,christiantimes.com,No,No,No,No,Yes,No,No,No,No,No,No,No,1,,
31,silverdoctors.com,No,No,No,No,No,No,No,No,No,Yes,No,No,1,,
32,empiresports.co,Yes,No,No,Yes,No,Yes,No,Yes,No,Yes,Yes,Yes,7,,
33,responsibletechnology.org,No,No,No,No,No,No,No,No,No,Yes,No,No,1,,
34,wakingupwisconsin.com,Yes,No,No,No,No,No,No,No,No,Yes,No,No,2,,
35,rickwells.us,No,No,No,No,No,No,No,No,No,Yes,No,No,1,,
36,qpolitical.com,No,No,No,No,No,No,No,No,No,Yes,No,No,1,,
37,mississippiherald.com,No,No,No,No,No,No,No,No,No,No,Yes,Yes,2,,
38,centerforsecuritypolicy.org,No,No,No,No,No,No,No,No,No,Yes,No,No,1,,
39,cnn.com,No,No,No,No,No,No,No,No,Yes,No,No,No,1,,
40,theusaconservative.com,No,No,No,No,No,No,No,No,No,No,No,Yes,1,,
41,thedailymash.co.uk,No,No,No,No,No,No,No,No,No,Yes,No,No,1,,
42,learnprogress.org,No,No,No,No,No,No,No,No,No,Yes,No,Yes,2,,
43,viralstupid.com,No,No,No,No,No,No,No,No,No,No,Yes,No,1,,
44,nymag.com,No,No,No,No,No,No,No,No,Yes,No,No,No,1,,
45,benjaminfulford.typepad.com,No,No,No,No,No,No,No,No,No,No,No,Yes,1,,
46,oreillypost.com,No,No,No,No,No,No,No,No,No,No,Yes,No,1,,
47,cbsnews.com,No,No,No,No,No,No,No,No,Yes,No,No,No,1,,
48,freedom-articles.toolsforfreedom.com,No,No,No,No,No,No,No,No,Yes,No,No,No,1,,
49,rt.com,No,No,No,No,No,No,No,No,Yes,No,No,No,1,,
50,lifeandabout.com,No,No,No,No,No,No,No,No,No,Yes,No,No,1,,
51,theuspatriot.com,Yes,No,No,No,No,No,No,No,No,Yes,No,No,2,,
52,patriotpost.us,No,No,No,No,No,No,No,No,No,Yes,No,No,1,,
53,hangthebankers.com,Yes,No,No,No,No,No,No,No,No,Yes,No,No,2,,
54,conservapedia.com,No,No,No,No,No,No,No,No,No,Yes,No,No,1,,
55,24aktuelles.com,No,No,No,No,No,No,No,No,No,No,Yes,No,1,,
56,vancouverinquirer.com,No,No,No,No,No,No,No,No,No,No,Yes,No,1,,
57,firearmscoalition.org,No,No,No,No,No,No,No,No,No,Yes,No,No,1,,
58,jewsnews.co.il,No,No,No,No,No,No,No,No,No,Yes,No,Yes,2,,
59,topekasnews.com,No,No,No,No,No,No,No,No,No,Yes,No,No,1,,
60,activistpost.com,Yes,Yes,Yes,No,No,No,No,No,Yes,Yes,No,No,5,,
61,asamericanasapplepie.org,No,No,No,No,No,No,No,No,No,No,No,Yes,1,,
62,aceflashman.wordpress.com,No,No,No,No,No,No,No,No,No,Yes,No,No,1,,
63,wy21news.com,No,No,No,No,No,No,No,No,No,No,No,Yes,1,,
64,chicksontheright.com,No,No,No,No,No,No,No,No,No,Yes,No,No,1,,
65,politicususa.com,No,No,No,No,No,No,No,No,No,Yes,No,No,1,,
66,tmzworldstar.com,No,No,No,No,No,No,No,No,No,No,Yes,No,1,,
67,zerohedge.com,No,No,No,No,No,No,No,No,Yes,Yes,No,No,2,,
68,landdestroyer.blogspot.com,No,No,No,No,No,No,No,No,Yes,No,No,No,1,,
69,myzonetoday.com,No,No,No,No,No,No,No,No,No,Yes,No,No,1,,
70,theextinctionprotocol.com,No,No,No,No,No,No,No,No,No,Yes,No,No,1,,
71,usa2016elections.com,No,No,No,No,No,No,No,No,No,Yes,No,No,1,,
72,acting-man.com,No,No,No,No,No,No,No,No,No,Yes,No,No,1,,
73,redpolitics.us,No,No,No,No,No,No,No,No,No,No,No,Yes,1,,
74,antoniusaquinas.wp.com,No,No,No,No,No,No,No,No,No,Yes,No,No,1,,
75,deadlyclear.wordpress.com,No,No,No,No,No,No,No,No,No,Yes,No,No,1,,
76,freakoutnation.com,No,No,No,No,No,No,No,No,No,Yes,No,No,1,,
77,success-street.com,No,No,No,No,No,No,No,No,No,Yes,No,Yes,2,,
78,duffleblog.com,No,No,No,No,No,No,No,No,No,Yes,No,No,1,,
79,departedmedia.com,No,No,No,No,No,No,No,No,No,Yes,No,Yes,2,,
80,barnesreview.org,No,No,No,No,No,No,No,No,No,Yes,No,No,1,,
81,celebtricity.com,No,No,No,No,No,No,No,No,No,Yes,Yes,No,2,,
82,unz.com,No,No,No,No,No,No,No,No,No,Yes,No,No,1,,
83,newsbreakhere.com,No,No,No,No,No,No,No,No,No,No,No,Yes,1,,
84,en-vovle.com,No,No,No,No,No,No,No,No,No,Yes,No,No,1,,
85,amplifyingglass.com,Yes,No,No,No,No,No,No,No,No,Yes,No,No,2,,
86,wakeupthesheep.com,No,No,No,No,No,No,No,No,No,Yes,No,No,1,,
87,lifesitenews.com,No,No,No,No,No,No,No,No,No,Yes,No,No,1,,
88,stillnessinthestorm.com,No,No,No,No,No,No,No,No,No,No,No,Yes,1,,
89,channel77news.com,No,No,No,No,No,No,No,No,No,No,Yes,No,1,,
90,weeklystandard.com,No,No,No,No,No,No,No,No,No,Yes,No,No,1,,
91,eaglerising.com,No,No,No,No,No,No,No,No,No,Yes,No,No,1,,
92,familysecuritymatters.org,No,No,No,No,No,No,No,No,No,Yes,No,No,1,,
93,heavy.com,No,No,No,No,No,No,No,No,Yes,No,No,No,1,,
94,theintercept.com,No,No,No,No,No,No,No,No,Yes,No,No,No,1,,
95,willyloman.wordpress.com,No,No,No,No,No,No,No,No,No,Yes,No,No,1,,
96,truthrevolt.org,No,No,No,No,No,No,No,No,No,Yes,No,No,1,,
97,nationalufocenter.com,No,No,No,No,No,No,No,No,No,Yes,No,No,1,,
98,worldstoriestoday.com,No,No,No,No,No,No,No,No,No,Yes,No,No,1,,
99,nymeta.co,No,No,No,No,No,No,No,No,No,Yes,Yes,No,2,,
100,investmentwatchblog.com,No,No,No,No,No,No,No,No,Yes,Yes,No,No,2,,
101,conservativestate.com,No,No,No,No,No,No,No,No,No,Yes,No,No,1,,
102,nydailynews-tv.com,No,No,No,No,No,No,No,No,No,No,No,Yes,1,,
103,thenationalmarijuananews.com,No,No,No,No,No,No,No,No,No,No,No,Yes,1,,
104,lifezette.com,No,No,No,No,No,No,No,No,No,Yes,No,No,1,,
105,breitbart.com,No,Yes,No,No,No,No,No,No,Yes,Yes,No,No,3,,
106,trueamericans.me,No,No,No,No,No,No,No,No,No,Yes,No,Yes,2,,
107,awarenessact.com,No,No,No,No,No,No,No,No,No,Yes,No,Yes,2,,
108,president45donaldtrump.com,No,No,No,No,No,No,No,No,No,Yes,No,Yes,2,,
109,therightscoop.com,No,No,No,No,No,No,No,No,No,Yes,No,No,1,,
110,theinternetpost.net,No,No,No,No,No,No,No,No,No,Yes,No,Yes,2,,
111,infiniteunknown.net,No,No,No,No,No,No,No,No,No,Yes,No,No,1,,
112,tmzcomedy.com,No,No,No,No,No,No,No,No,No,No,Yes,No,1,,
113,drrichswier.com,No,No,No,No,No,No,No,No,No,Yes,No,No,1,,
114,topinfopost.com,No,No,No,No,No,No,No,No,No,Yes,No,No,1,,
115,associatedmediacoverage.com,No,No,No,No,No,No,No,No,No,Yes,Yes,Yes,3,,
116,rawforbeauty.com,No,No,No,No,No,No,No,No,No,Yes,No,No,1,,
117,youngcons.com,No,No,No,No,No,No,No,No,No,Yes,No,No,1,,
118,americanpresident.co,No,No,No,No,No,No,No,No,No,Yes,No,Yes,2,,
119,libertyunyielding.com,No,No,No,No,No,No,No,No,No,Yes,No,No,1,,
120,holyobserver.com,No,No,No,No,No,No,No,No,No,Yes,No,No,1,,
121,wikispooks.com,No,No,No,No,No,No,No,No,No,Yes,No,No,1,,
122,thecommonsenseshow.com,No,No,No,No,No,No,No,No,Yes,Yes,No,No,2,,
123,gopthedailydose.com,No,No,No,No,No,No,No,No,No,Yes,No,No,1,,
124,newsphd.com,No,No,No,No,No,No,No,No,No,No,No,Yes,1,,
125,usanewspolitics.com,No,No,No,No,No,No,No,No,No,Yes,No,No,1,,
126,trueactivist.com,No,No,No,No,No,No,No,No,No,Yes,No,No,1,,
127,konkonsagh.biz,No,No,No,No,No,No,No,No,No,Yes,No,Yes,2,,
128,newsoftrump.com,No,No,No,No,No,No,No,No,No,No,No,Yes,1,,
129,usanewsflash.com,No,No,No,No,No,No,No,No,No,Yes,No,Yes,2,,
130,nephef.com,No,No,No,No,No,No,No,No,No,Yes,No,Yes,2,,
131,conservativeview.info,No,No,No,No,No,No,No,No,No,No,No,Yes,1,,
132,departed.co,No,No,No,No,No,No,No,No,No,Yes,No,No,1,,
133,politicsusanews.com,No,No,No,No,No,No,No,No,No,Yes,No,Yes,2,,
134,financialsurvivalnetwork.com,No,No,No,No,No,No,No,No,No,Yes,No,No,1,,
135,americasfreedomfighters.com,No,No,No,No,No,No,No,No,No,Yes,No,No,1,,
136,allnewspipeline.com,No,No,No,No,No,No,No,No,No,Yes,No,No,1,,
137,dailyheadlines.net,No,No,No,No,No,No,No,No,No,Yes,No,No,1,,
138,rumorjournal.com,No,No,No,No,No,No,No,No,No,Yes,No,Yes,2,,
139,teddystick.com,No,No,No,No,No,No,No,No,No,No,No,Yes,1,,
140,redstatewatcher.com,No,No,No,No,No,No,No,No,No,Yes,No,No,1,,
141,empirenews.net,Yes,Yes,No,No,Yes,Yes,No,Yes,No,Yes,Yes,Yes,8,,
142,nodisinfo.com,Yes,No,No,No,No,No,No,No,Yes,Yes,No,No,3,,
143,conservativebyte.com,No,No,No,No,No,No,No,No,No,Yes,No,No,1,,
144,heresyblog.net,No,No,No,No,No,No,No,No,No,Yes,No,No,1,,
145,prepperwebsite.com,No,No,No,No,No,No,No,No,No,Yes,No,No,1,,
146,newpoliticstoday.com,No,No,No,No,No,No,No,No,No,Yes,No,Yes,2,,
147,react365.com,No,No,No,No,Yes,No,No,Yes,No,Yes,Yes,Yes,5,,
148,themoralofthestory.us,No,No,No,No,No,No,No,No,No,Yes,No,Yes,2,,
149,thephaser.com,No,No,No,No,No,No,No,No,No,Yes,No,No,1,,
150,heathenwomen.com,No,No,No,No,No,No,No,No,Yes,No,No,No,1,,
151,thelibertybeacon.com,No,No,No,No,No,No,No,No,No,Yes,No,No,1,,
152,dcgazette.com,No,No,No,No,No,No,No,No,No,Yes,No,No,1,,
153,usainfobox.com,No,No,No,No,No,No,No,No,No,Yes,No,No,1,,
154,liberalbias.com,No,No,No,No,No,No,No,No,No,Yes,No,No,1,,
155,twitchy.com,No,Yes,No,No,No,No,No,No,No,Yes,No,No,2,,
156,sundayinquirer.com,No,No,No,No,No,No,No,No,No,No,Yes,No,1,,
157,clashdaily.com,No,No,No,No,No,No,No,No,No,Yes,No,Yes,2,,
158,nationalvanguard.org,No,No,No,No,No,No,No,No,No,Yes,No,No,1,,
159,usadailythings24.com,No,No,No,No,No,No,No,No,No,No,No,Yes,1,,
160,nydailynews.com,No,No,No,No,No,No,No,No,Yes,No,No,No,1,,
161,wakingtimes.com,No,No,No,No,No,No,No,No,Yes,Yes,No,No,2,,
162,therightists.com,No,No,No,No,No,No,No,No,No,Yes,No,Yes,2,,
163,dhs.gov,No,No,No,No,No,No,No,No,Yes,No,No,No,1,,
164,bb4sp.com,No,No,No,No,No,No,No,No,No,Yes,No,Yes,2,,
165,conservativefighters.com,No,No,No,No,No,No,No,No,No,Yes,No,No,1,,
166,pakalertpress.com,Yes,No,No,No,No,No,No,No,No,Yes,No,No,2,,
167,fprnradio.com,Yes,No,No,No,No,No,No,No,No,Yes,No,No,2,,
168,mm4a.org,No,No,No,No,No,No,No,No,Yes,No,No,No,1,,
169,prntly.com,No,No,No,No,No,No,No,No,No,Yes,No,Yes,2,,
170,usapolitics24hrs.com,No,No,No,No,No,No,No,No,No,Yes,No,Yes,2,,
171,thebeaverton.com,No,No,No,No,No,No,No,No,No,Yes,No,No,1,,
172,wmacnews.com,No,No,No,No,No,No,No,No,No,No,Yes,No,1,,
173,actualite.co,No,No,No,No,No,No,No,No,No,No,Yes,No,1,,
174,blacklistednews.com,No,No,No,No,No,No,No,No,Yes,Yes,No,No,2,,
175,abriluno.com,No,No,No,No,No,No,No,No,No,Yes,No,No,1,,
176,burrardstreetjournal.com,No,No,No,No,Yes,No,No,No,No,Yes,Yes,No,3,,
177,reut.rs,No,No,No,No,No,No,No,No,Yes,No,No,No,1,,
178,cnsnews.com,No,No,No,No,No,No,No,No,No,Yes,No,No,1,,
179,dailyfeed.news,No,No,No,No,No,No,No,No,No,No,No,Yes,1,,
180,prisonplanet.com,Yes,No,No,No,No,No,No,No,No,Yes,No,No,2,,
181,libertyalliance.com,No,No,No,No,No,No,No,No,No,Yes,No,Yes,2,,
182,abcnews.com.co,No,Yes,No,No,Yes,No,No,No,No,Yes,Yes,Yes,5,,
183,kypo6.com,No,No,No,No,No,No,No,No,No,No,Yes,No,1,,
184,conservativeoutfitters.com,Yes,Yes,No,No,No,No,No,No,No,Yes,No,No,3,,
185,expose1933.com,No,No,No,No,No,No,No,No,No,Yes,No,No,1,,
186,newsbreakshere.com,No,No,No,No,No,No,No,No,No,Yes,No,Yes,2,,
187,politicalmayhem.news,No,No,No,No,No,No,No,No,No,No,No,Yes,1,,
188,viraldevil.com,No,No,No,No,No,No,No,No,No,No,Yes,No,1,,
189,fedsalert.com,No,No,No,No,No,No,No,No,No,Yes,Yes,Yes,3,,
190,hotglobalnews.com,No,No,No,No,No,No,No,No,No,No,Yes,No,1,,
191,wellaware1.com,No,No,No,No,No,No,No,No,Yes,No,No,No,1,,
192,toutelinfo.fr,No,No,No,No,No,No,No,No,No,No,Yes,No,1,,
193,govtslaves.info,Yes,No,No,No,No,No,No,No,Yes,Yes,No,No,3,,
194,newsthump.com,No,No,No,No,No,No,No,No,No,Yes,No,No,1,,
195,channel66news.com,No,No,No,No,No,No,No,No,No,No,Yes,No,1,,
196,whitepower.com,No,No,No,No,No,No,No,No,No,Yes,No,No,1,,
197,freebeacon.com,No,No,No,No,No,No,No,No,No,Yes,No,No,1,,
198,megafreshnews.com,No,No,No,No,No,No,No,No,No,Yes,No,No,1,,
199,demyx.com,No,No,No,Yes,No,No,No,No,No,No,No,No,1,,
200,thepeoplescube.com,No,No,No,No,No,No,No,No,No,No,No,Yes,1,,
201,breaking911.com,No,No,No,No,No,No,No,No,No,Yes,No,No,1,,
202,24wpn.com,No,No,No,No,No,No,No,No,No,Yes,No,Yes,2,,
203,countdowntozerotime.com,Yes,Yes,No,No,No,No,No,No,No,Yes,No,No,3,,
204,dcclothesline.com,Yes,No,No,No,No,No,No,No,Yes,Yes,No,No,3,,
205,ideaspots.com,No,No,No,No,No,No,No,No,No,No,No,Yes,1,,
206,ammoland.com,No,No,No,No,No,No,No,No,No,Yes,No,No,1,,
207,nachrichten.de.com,No,No,No,No,No,No,No,No,No,No,Yes,No,1,,
208,therooster.com,No,No,No,No,No,No,No,No,No,No,No,Yes,1,,
209,wtoe5news.com,No,No,No,No,No,No,No,No,No,Yes,Yes,No,2,,
210,thenet24h.com,No,No,No,No,No,No,No,No,No,Yes,No,Yes,2,,
211,newswire-24.com,Yes,No,No,No,No,No,No,No,No,Yes,No,No,2,,
212,veteranstoday.com,Yes,No,No,No,No,No,No,No,Yes,Yes,No,No,3,,
213,wideawakeamerica.com,Yes,No,No,No,No,No,No,No,No,No,No,No,1,,
214,infowars.com,Yes,Yes,Yes,No,Yes,No,No,No,Yes,Yes,No,No,6,,
215,remedydaily.com,No,No,No,No,No,No,No,No,No,Yes,No,No,1,,
216,thebigriddle.com,No,No,No,No,No,No,No,No,No,Yes,No,Yes,2,,
217,truthfeed.com,No,No,No,No,No,No,No,No,No,Yes,No,No,1,,
218,healthyworldhouse.com,No,No,No,No,No,No,No,No,No,Yes,No,Yes,2,,
219,usaphase.com,No,No,No,No,No,No,No,No,No,Yes,No,No,1,,
220,werk35.com,No,No,No,No,No,No,No,No,No,No,No,Yes,1,,
221,megynkelly.us,No,No,No,No,No,No,No,No,No,Yes,No,No,1,,
222,usconservativetoday.com,No,No,No,No,No,No,No,No,No,Yes,No,No,1,,
223,states-tv.com,No,No,No,No,No,No,No,No,No,No,No,Yes,1,,
224,dailymail.co.uk,No,No,No,No,No,No,No,No,Yes,No,No,No,1,,
225,civictribune.com,Yes,Yes,No,No,Yes,No,No,No,No,Yes,Yes,Yes,6,,
226,newsbreakers.org,No,No,No,No,No,No,No,No,No,Yes,No,No,1,,
227,libertynews.com,No,No,No,No,No,No,No,No,No,Yes,No,No,1,,
228,cnnews3.com,No,No,No,No,No,No,No,No,No,Yes,No,Yes,2,,
229,beehivebugle.com,No,No,No,No,No,No,No,No,No,Yes,No,No,1,,
230,dailyleak.org,No,No,No,No,No,No,No,No,No,Yes,No,No,1,,
231,charismanews.com,No,No,No,No,No,No,No,No,No,Yes,No,No,1,,
232,20minutenews.com,No,No,No,No,No,No,No,No,No,No,Yes,No,1,,
233,newjournal.us,No,No,No,No,No,No,No,No,No,No,Yes,No,1,,
234,aurora-news.us,No,No,No,No,No,No,No,No,No,Yes,No,Yes,2,,
235,globalassociatednews.com,No,No,No,Yes,No,Yes,No,No,No,No,Yes,No,3,,
236,welovenative.com,No,No,No,No,No,No,No,No,No,No,No,Yes,1,,
237,tmzworldnews.com,No,No,No,No,No,No,No,No,No,Yes,Yes,Yes,3,,
238,americanoverlook.com,No,No,No,No,No,No,No,No,No,Yes,No,No,1,,
239,conservativefiringline.com,No,No,No,No,No,No,No,No,No,Yes,No,No,1,,
240,the-global-news.com,No,No,No,No,No,No,No,No,No,No,No,Yes,1,,
241,progressivestoday.com,No,No,No,No,No,No,No,No,No,Yes,No,No,1,,
242,dailysquib.co.uk,No,No,No,No,No,No,No,No,No,Yes,No,No,1,,
243,fromthetrenchesworldreport.com,No,No,No,No,No,No,No,No,Yes,Yes,No,No,2,,
244,makeamericagreattoday.com,No,No,No,No,No,No,No,No,No,Yes,No,No,1,,
245,fox-news24.com,No,No,No,No,No,No,No,No,No,No,No,Yes,1,,
246,americanlookout.com,No,No,No,No,No,No,No,No,No,Yes,No,No,1,,
247,lightlybraisedturnip.com,No,No,No,Yes,No,No,No,No,No,No,No,No,1,,
248,katehon.com,No,No,No,No,No,No,No,No,Yes,Yes,No,No,2,,
249,dollarvigilante.com,No,No,No,No,No,No,No,No,No,Yes,No,No,1,,
250,defenseusa.club,No,No,No,No,No,No,No,No,No,No,No,Yes,1,,
251,whatreallyhappened.com,No,No,No,No,No,No,No,No,Yes,Yes,No,No,2,,
252,net-infosnews.com,No,No,No,No,No,No,No,No,No,No,Yes,No,1,,
253,thereporterz.com,No,No,No,No,No,No,No,No,No,Yes,Yes,No,2,,
254,elmundotoday.com,No,No,No,No,No,No,No,No,No,Yes,No,No,1,,
255,addictinginfo.org,No,Yes,No,No,No,No,No,No,Yes,Yes,No,No,3,,
256,usatodaynews.me,No,No,No,No,No,No,No,No,No,Yes,No,Yes,2,,
257,politicalcult.com,No,No,No,No,No,No,No,No,No,Yes,No,No,1,,
258,ancient-code.com,No,No,No,No,No,No,No,No,No,Yes,No,No,1,,
259,nypost.com,No,No,No,No,No,No,No,No,Yes,No,No,No,1,,
260,clickhole.com,Yes,Yes,Yes,No,No,No,No,No,No,Yes,No,No,4,,
261,newsmagazine.com,No,No,No,No,No,No,No,No,No,Yes,No,No,1,,
262,dailythings.world,No,No,No,No,No,No,No,No,No,No,No,Yes,1,,
263,itccs.org,No,No,No,No,No,No,No,No,No,Yes,No,No,1,,
264,superstation95.com,No,No,No,No,No,No,No,No,Yes,No,Yes,No,2,,
265,channel5000.com,No,No,No,No,No,No,No,No,No,No,Yes,No,1,,
266,abovetopsecret.com,No,No,No,No,No,No,No,No,Yes,Yes,No,No,2,,
267,dandygoat.com,No,No,No,No,No,No,No,No,No,Yes,No,No,1,,
268,fmobserver.com,No,No,No,No,No,No,No,No,No,Yes,No,No,1,,
269,thespoof.com,Yes,No,No,No,No,Yes,No,No,No,Yes,No,No,3,,
270,alternativemediasyndicate.com,No,No,No,No,No,No,No,No,No,Yes,No,No,1,,
271,dailysidnews.com,No,No,No,No,No,No,No,No,No,No,No,Yes,1,,
272,eutimes.net,No,No,No,No,No,No,No,No,No,Yes,No,No,1,,
273,wearechange.org,No,No,No,No,No,No,No,No,No,Yes,No,No,1,,
274,educateinspirechange.org/health,No,No,No,No,No,No,No,No,No,Yes,No,No,1,,
275,mpidailymagazine.com,No,No,No,No,No,No,No,No,No,Yes,No,No,1,,
276,educate-yourself.org,No,No,No,No,No,No,No,No,Yes,Yes,No,No,2,,
277,reflectionofmind.org,No,No,No,No,No,No,No,No,No,No,No,Yes,1,,
278,spinzon.com,No,No,No,No,No,No,No,No,No,No,No,Yes,1,,
279,departedme.com,No,No,No,No,No,No,No,No,No,No,No,Yes,1,,
280,fakingnews.com,No,No,No,No,No,No,No,No,No,Yes,No,No,1,,
281,russia-insider.com,No,No,No,No,No,No,No,No,No,Yes,No,No,1,,
282,usuncut.com,No,Yes,No,No,No,No,No,No,No,Yes,No,No,2,,
283,americanfreepress.net,No,No,No,No,No,No,No,No,No,Yes,No,No,1,,
284,thevalleyreport.com,No,No,No,No,No,No,No,No,No,Yes,Yes,No,2,,
285,patriotchronicle.com,No,No,No,No,No,No,No,No,No,Yes,No,No,1,,
286,diversitychronicle.wordpress.com,No,No,No,No,No,No,No,No,No,Yes,No,No,1,,
287,newswithviews.com,No,No,No,No,No,No,No,No,No,Yes,No,No,1,,
288,worldpoliticsnow.com,No,No,No,No,No,No,No,No,No,No,No,Yes,1,,
289,patriotcrier.com,No,No,No,No,No,No,No,No,No,No,No,Yes,1,,
290,humortimes.com,No,No,No,No,No,No,No,No,No,Yes,No,No,1,,
291,politicass.com,No,No,No,No,No,No,No,No,No,No,No,Yes,1,,
292,theamericanindependent.wordpress.com,No,No,No,No,No,No,No,No,No,Yes,No,No,1,,
293,subjectpolitics.com,No,No,No,No,No,No,No,No,No,Yes,No,No,1,,
294,newstarget.com,No,No,No,No,No,No,No,No,No,Yes,No,No,1,,
295,cnn-globalnews.com,No,No,No,No,No,No,No,No,No,No,Yes,No,1,,
296,bluevision.news,No,No,No,No,No,No,No,No,No,No,No,Yes,1,,
297,patriotusa.website,No,No,No,No,No,No,No,No,No,No,No,Yes,1,,
298,themindunleashed.org,No,No,No,No,No,No,No,No,No,Yes,No,No,1,,
299,theusa-news.com,No,No,No,No,No,No,No,No,No,Yes,No,Yes,2,,
300,nationindistress.weebly.com,No,No,No,No,No,No,No,No,No,Yes,No,No,1,,
301,libertywritersnews.com,No,No,No,No,No,No,No,No,No,Yes,No,No,1,,
302,empirehearland.com,No,No,No,No,No,No,No,No,No,Yes,No,No,1,,
303,dailyken.com,No,No,No,No,No,No,No,No,No,Yes,No,No,1,,
304,undergroundworldnews.com,No,No,No,No,No,No,No,No,No,Yes,No,No,1,,
305,countercurrentnews.com,No,No,No,No,No,No,No,No,No,Yes,No,No,1,,
306,buzzfeedusa.com,No,No,No,No,No,No,No,No,No,Yes,No,Yes,2,,
307,times.com.mx,No,No,No,No,No,No,No,No,No,Yes,No,Yes,2,,
308,winningdemocrats.com,No,No,No,No,No,No,No,No,No,Yes,No,No,1,,
309,journal-neo.org,No,No,No,No,No,No,No,No,No,Yes,No,No,1,,
310,usawatchdog.com,No,No,No,No,No,No,No,No,No,Yes,No,No,1,,
311,thatviralfeed.net,No,No,No,No,No,No,No,No,No,Yes,No,Yes,2,,
312,freedomsphoenix.com,No,No,No,No,No,No,No,No,No,Yes,No,No,1,,
313,usanews4u.us,No,No,No,No,No,No,No,No,No,No,No,Yes,1,,
314,freedomforceinternational.com,No,No,No,No,No,No,No,No,No,Yes,No,No,1,,
315,businessinsider.com,No,No,No,No,No,No,No,No,Yes,No,No,No,1,,
316,humansarefree.com,Yes,No,No,No,No,No,No,No,No,Yes,No,No,2,,
317,bients.com,No,No,No,No,No,No,No,No,No,Yes,No,No,1,,
318,nationalreport.net,Yes,Yes,No,Yes,Yes,Yes,Yes,Yes,No,Yes,Yes,Yes,10,,
319,madworldnews.com,No,No,No,No,No,No,No,No,No,Yes,No,Yes,2,,
320,usapoliticstoday.com,No,No,No,No,No,No,No,No,No,Yes,No,Yes,2,,
321,voxtribune.com,No,No,No,No,No,No,No,No,No,Yes,No,Yes,2,,
322,whydontyoutrythis.com,No,No,No,No,No,No,No,No,No,Yes,No,Yes,2,,
323,openmindmagazine.com,No,No,No,No,No,No,No,No,No,Yes,No,No,1,,
324,washingtonfed.com,No,No,No,No,No,No,No,No,No,Yes,No,No,1,,
325,moonofalabama.org,No,No,No,No,No,No,No,No,No,Yes,No,No,1,,
326,observeronline.news,No,No,No,No,No,No,No,No,No,No,No,Yes,1,,
327,nation.com.pk,No,No,No,No,No,No,No,No,No,No,No,Yes,1,,
328,donaldtrumpnews.co,No,No,No,No,No,No,No,No,No,Yes,No,No,1,,
329,conspiracywire.com,No,No,No,No,No,No,No,No,No,Yes,No,No,1,,
330,freshdailyreport.com,No,No,No,No,No,No,No,No,No,Yes,No,Yes,2,,
331,empireherald.com,No,No,No,No,Yes,No,No,No,No,Yes,Yes,Yes,4,,
332,thestatelyharold.com,No,No,No,No,No,No,No,No,No,Yes,No,No,1,,
333,wetheproudpatriots.com,No,No,No,No,No,No,No,No,No,No,No,Yes,1,,
334,battypost.com,No,No,No,No,No,No,No,No,No,No,Yes,No,1,,
335,wmb36.com,No,No,No,No,No,No,No,No,No,No,Yes,No,1,,
336,jacksontelegraph.com,No,No,No,No,No,No,No,No,No,No,Yes,No,1,,
337,24newsflash.com,No,No,No,No,No,No,No,No,No,Yes,No,No,1,,
338,70news.wordpress.com,No,Yes,No,No,Yes,No,No,No,No,Yes,No,No,3,,
339,nbc.com.co,No,No,No,No,No,No,No,No,No,Yes,No,Yes,2,,
340,channel62news.com,No,No,No,No,No,No,No,No,No,No,Yes,No,1,,
341,newslogue.com,No,No,No,No,No,No,No,No,No,Yes,No,No,1,,
342,channel22news.com,No,No,No,No,No,No,No,No,No,No,Yes,No,1,,
343,elkoshary.com,No,No,No,No,No,No,No,No,No,Yes,No,No,1,,
344,urbanimagemagazine.com,No,No,No,No,No,No,No,No,No,No,No,Yes,1,,
345,tradcatknight.blogspot.com,No,No,No,No,No,No,No,No,Yes,No,No,No,1,,
346,americantoday.us,No,No,No,No,No,No,No,No,No,No,No,Yes,1,,
347,ihr.org,No,No,No,No,No,No,No,No,No,Yes,No,No,1,,
348,naturalnews.com,Yes,Yes,Yes,No,No,No,No,No,No,Yes,No,No,4,,
349,heaviermetal.net,No,No,No,No,No,No,No,No,No,No,Yes,No,1,,
350,newsbbc.net,No,No,No,No,No,No,No,No,No,Yes,No,No,1,,
351,shareblue.com,No,No,No,No,No,No,No,No,No,Yes,No,No,1,,
352,usa-radio.com,No,No,No,No,No,No,No,No,No,Yes,No,Yes,2,,
353,drugsofficial.com,No,No,No,No,No,No,No,No,No,No,Yes,No,1,,
354,indiaarising.com,No,No,No,No,No,No,No,No,No,Yes,No,No,1,,
355,persecutes.com,No,No,No,No,No,No,No,No,No,No,Yes,Yes,2,,
356,ewao.com,No,No,No,No,No,No,No,No,No,Yes,No,No,1,,
357,en.mediamass.net,Yes,Yes,No,Yes,No,Yes,No,No,No,No,No,No,4,,
358,religionmind.com,No,No,No,No,No,No,No,No,No,Yes,No,Yes,2,,
359,365usanews.com,No,No,No,No,No,No,No,No,No,Yes,No,No,1,,
360,blog.veterantv.net,No,No,No,No,No,No,No,No,No,No,No,Yes,1,,
361,thecontroversialfiles.net,No,No,No,No,No,No,No,No,No,Yes,No,No,1,,
362,palmerreport.com,No,No,No,No,No,No,No,No,No,Yes,No,No,1,,
363,christiantimesnewspaper.com,No,No,No,No,No,No,No,No,No,Yes,Yes,Yes,3,,
364,cannasos.com,No,No,No,No,No,No,No,No,No,Yes,No,Yes,2,,
365,usafirstinformation.com,No,No,No,No,No,No,No,No,No,Yes,No,Yes,2,,
366,uschronicle.com,No,No,No,No,No,No,No,No,No,Yes,No,No,1,,
367,magafeed.com,No,No,No,No,No,No,No,No,No,Yes,No,No,1,,
368,sundaypost.org,No,No,No,No,No,No,No,No,No,No,Yes,No,1,,
369,worldnewspolitics.com,No,No,No,No,No,No,No,No,No,Yes,No,No,1,,
370,mckenziepost.com,No,No,No,No,No,No,No,No,No,No,Yes,No,1,,
371,conservativepoliticus.com,No,No,No,No,No,No,No,No,No,No,No,Yes,1,,
372,kf13.com,No,No,No,No,No,No,No,No,No,No,No,Yes,1,,
373,huzlers.com,Yes,No,No,Yes,Yes,Yes,No,Yes,No,Yes,Yes,Yes,8,,
374,crystalair.com,No,No,No,No,No,No,No,No,No,Yes,No,No,1,,
375,usaonlinepolitics.com,No,No,No,No,No,No,No,No,No,Yes,No,No,1,,
376,thesmokersclub.com,No,No,No,No,No,No,No,No,No,No,No,Yes,1,,
377,silverbearcafe.com,No,No,No,No,No,No,No,No,No,Yes,No,No,1,,
378,americanborderpatrol.com,No,No,No,No,No,No,No,No,No,Yes,No,No,1,,
379,inquisitr.com,No,No,No,No,No,No,No,No,Yes,No,No,No,1,,
380,worldwidehealthy.com,No,No,No,No,No,No,No,No,No,Yes,No,No,1,,
381,freepatriot.org,No,No,No,No,No,No,No,No,No,Yes,No,No,1,,
382,forbiddenknowledgetv.net,No,No,No,No,No,No,No,No,Yes,No,No,No,1,,
383,themillenniumreport.com,No,No,No,No,No,No,No,No,Yes,No,No,No,1,,
384,globalresearch.ca,Yes,No,No,No,No,No,No,No,Yes,Yes,No,No,3,,
385,greanvillepost.com,No,No,No,No,No,No,No,No,No,Yes,No,No,1,,
386,healthnutnews.com,No,No,No,No,No,No,No,No,No,Yes,No,No,1,,
387,freedomsfinalstand.com,No,No,No,No,No,No,No,No,No,No,No,Yes,1,,
388,vdare.com,No,No,No,No,No,No,No,No,No,Yes,No,No,1,,
389,thefreethoughtproject.com,No,Yes,No,No,No,No,No,No,Yes,Yes,No,No,3,,
390,thegatewaypundit.com,No,No,No,No,No,No,No,No,No,Yes,No,Yes,2,,
391,thebreakingnews.co,No,No,No,No,No,No,No,No,No,No,Yes,No,1,,
392,scrapetv.com,No,No,No,No,No,No,No,No,No,No,Yes,No,1,,
393,eutopia.buzz,No,No,No,No,No,No,No,No,No,Yes,No,No,1,,
394,truetrumpers.com,No,No,No,No,No,No,No,No,No,Yes,No,Yes,2,,
395,surrealscoop.com,No,No,No,No,No,No,No,No,No,Yes,No,No,1,,
396,higherperspectives.com,No,No,No,No,No,No,No,No,No,No,No,Yes,1,,
397,krbcnews.com,No,No,No,No,No,No,No,No,No,Yes,Yes,No,2,,
398,usamagazinestudio.com,No,No,No,No,No,No,No,No,No,Yes,No,No,1,,
399,conservativerefocus.com,No,No,No,No,No,No,No,No,No,Yes,No,No,1,,
400,wazanews.tk,No,No,No,No,No,No,No,No,No,No,No,Yes,1,,
401,channel68news.com,No,No,No,No,No,No,No,No,No,No,Yes,No,1,,
402,endtime.com,No,No,No,No,No,No,No,No,No,Yes,No,No,1,,
403,patriotupdate.com,No,No,No,No,No,No,No,No,No,Yes,No,No,1,,
404,theskunk.org,No,No,No,No,No,No,No,No,No,Yes,No,No,1,,
405,dailywire.com,No,No,No,No,No,No,No,No,No,Yes,No,No,1,,
406,sgtreport.com,No,No,No,No,No,No,No,No,Yes,No,No,No,1,,
407,freewoodpost.com,No,No,No,No,No,Yes,No,No,No,Yes,Yes,Yes,4,,
408,ncscooper.com,No,No,No,No,No,No,No,Yes,No,Yes,Yes,No,3,,
409,badcriminals.com,No,No,No,No,No,No,No,No,No,No,Yes,No,1,,
410,theineptowl.com,No,No,No,No,No,No,No,No,No,Yes,No,No,1,,
411,debunkingskeptics.com,No,No,No,No,No,No,No,No,No,Yes,No,No,1,,
412,trumpvision365.com,No,No,No,No,No,No,No,No,No,Yes,No,No,1,,
413,washingtonevening.com,No,No,No,No,No,No,No,No,No,No,Yes,Yes,2,,
414,irishufology.net,No,No,No,No,No,No,No,No,Yes,No,No,No,1,,
415,derfmagazine.com,Yes,No,No,No,No,No,No,No,No,Yes,No,No,2,,
416,lushforlife.com,No,No,No,No,No,No,No,No,No,Yes,No,No,1,,
417,redinfo.us,No,No,No,No,No,No,No,No,No,No,Yes,Yes,2,,
418,bipartisanreport.com,No,Yes,No,No,No,No,No,No,No,Yes,No,No,2,,
419,federalisttribune.com,No,No,No,No,No,No,No,No,No,No,No,Yes,1,,
420,politicalo.com,No,No,No,No,No,No,No,No,No,Yes,No,Yes,2,,
421,houstonchronicle-tv.com,No,No,No,No,No,No,No,No,No,No,Yes,Yes,2,,
422,extraclubmagazine.com,No,No,No,No,No,No,No,No,No,Yes,No,No,1,,
423,newshubs.info,No,No,No,No,No,No,No,No,No,No,Yes,No,1,,
424,collectivelyconscious.net,No,No,No,No,No,No,No,No,No,Yes,No,No,1,,
425,dailycaller.com,No,No,No,No,No,No,No,No,No,Yes,No,No,1,,
426,houstonleader.com,No,No,No,No,No,No,No,No,No,No,Yes,No,1,,
427,dineal.com,No,No,No,No,No,No,No,No,No,Yes,No,No,1,,
428,dailynews33.com,No,No,No,No,No,No,No,No,No,No,Yes,No,1,,
429,politifact.com,No,No,No,No,No,No,No,No,Yes,No,No,No,1,,
430,borderherald.com,No,No,No,No,No,No,No,No,No,No,Yes,No,1,,
431,uspostman.com,No,No,No,No,No,No,No,No,No,Yes,No,Yes,2,,
432,channel65news.com,No,No,No,No,No,No,No,No,No,No,Yes,No,1,,
433,redstate.com,No,Yes,No,No,No,No,No,No,No,Yes,No,No,2,,
434,cnn-business-news.ga,No,No,No,No,No,No,No,No,No,No,No,Yes,1,,
435,newsjustforyou1.blogspot.com,No,No,No,No,No,No,No,No,No,No,No,Yes,1,,
436,immediatesafety.org,No,No,No,No,No,No,No,No,No,Yes,No,No,1,,
437,news14kgpn.com,No,No,No,No,No,No,No,No,No,No,Yes,No,1,,
438,tomatobubble.com,No,No,No,No,No,No,No,No,Yes,No,No,No,1,,
439,usatwentyfour.com,No,No,No,No,No,No,No,No,No,Yes,No,No,1,,
440,positivedaily.com,No,No,No,No,No,No,No,No,No,No,No,Yes,1,,
441,bighairynews.com,No,No,No,No,No,No,No,No,No,Yes,No,No,1,,
442,thenationalsun.com,No,No,No,No,No,No,No,No,No,No,Yes,No,1,,
443,mentor2day.com,No,No,No,No,No,No,No,No,No,Yes,No,Yes,2,,
444,orientalreview.org,No,No,No,No,No,No,No,No,No,Yes,No,No,1,,
445,moralmatters.org,No,No,No,No,No,No,No,No,Yes,No,No,No,1,,
446,gummypost.com,No,No,No,No,No,No,No,No,No,Yes,No,Yes,2,,
447,smhwtfnews.com,No,No,No,No,No,No,No,No,No,No,Yes,No,1,,
448,unclesamsmisguidedchildren.com,No,No,No,No,No,No,No,No,No,Yes,No,No,1,,
449,viralmugshot.com,No,No,No,No,No,No,No,No,No,No,Yes,No,1,,
450,informetoday.com,No,No,No,No,No,No,No,No,No,Yes,No,No,1,,
451,weaselzippers.us,No,No,No,No,No,No,No,No,No,Yes,No,No,1,,
452,somicom.com,No,No,No,No,No,No,No,No,Yes,No,No,No,1,,
453,usasupreme.com,No,No,No,No,No,No,No,No,No,Yes,No,Yes,2,,
454,tmzhiphop.com,No,No,No,No,No,No,No,No,No,No,Yes,No,1,,
455,newsfeedhunter.com,No,No,No,No,No,No,No,No,No,No,Yes,Yes,2,,
456,illuminati-news.com,No,No,No,No,No,No,No,No,No,Yes,No,No,1,,
457,newsbusters.org,No,No,No,No,No,No,No,No,Yes,No,No,No,1,,
458,qualitysharing.com,No,No,No,No,No,No,No,No,No,No,Yes,No,1,,
459,antiwar.com,No,No,No,No,No,No,No,No,No,Yes,No,No,1,,
460,projectveritas.com,No,No,No,No,No,No,No,No,No,Yes,No,No,1,,
461,mediamass.net,No,No,No,No,No,No,No,No,No,Yes,Yes,No,2,,
462,gaia.com,No,No,No,No,No,No,No,No,No,Yes,No,No,1,,
463,dailysignal.com,No,No,No,No,No,No,No,No,No,Yes,No,No,1,,
464,defenddemocracy.press,No,No,No,No,No,No,No,No,No,Yes,No,No,1,,
465,actualidadpanamericana.com,No,No,No,No,No,No,No,No,No,Yes,No,Yes,2,,
466,bestthings.us,No,No,No,No,No,No,No,No,No,No,No,Yes,1,,
467,conservativearmy88.com,No,No,No,No,No,No,No,No,No,No,No,Yes,1,,
468,channel55news.com,No,No,No,No,No,No,No,No,No,No,Yes,No,1,,
469,vigilantcitizen.com,No,No,No,No,No,No,No,No,No,Yes,No,No,1,,
470,thewatchtowers.com,No,No,No,No,No,No,No,No,No,Yes,No,No,1,,
471,wcpm3.com,No,No,No,No,No,No,No,No,No,No,Yes,No,1,,
472,msnbc.website,No,No,No,No,No,No,No,No,No,Yes,Yes,No,2,,
473,ky12news.com,No,No,No,No,No,No,No,No,No,Yes,Yes,Yes,3,,
474,albertatimes.com,No,No,No,No,No,No,No,No,No,No,Yes,No,1,,
475,sydneybulletin.com,No,No,No,No,No,No,No,No,No,No,Yes,No,1,,
476,usadosenews.com,No,No,No,No,No,No,No,No,No,Yes,No,Yes,2,,
477,corbettreport.com,No,No,No,No,No,No,No,No,No,Yes,No,No,1,,
478,now8news.com,No,No,No,No,Yes,No,No,Yes,No,Yes,Yes,Yes,5,,
479,molonlabemedia.com,No,No,No,No,No,No,No,No,No,Yes,No,No,1,,
480,inverse.com,No,No,No,No,No,No,No,No,No,No,No,Yes,1,,
481,us.blastingnews.com,No,No,No,No,No,No,No,No,No,Yes,No,No,1,,
482,aanirfan.blogspot.com,No,No,No,No,No,No,No,No,Yes,No,No,No,1,,
483,checkoutthehealthyworld.com,No,No,No,No,No,No,No,No,No,Yes,No,No,1,,
484,americablog.com,No,No,No,No,No,No,No,No,No,Yes,No,No,1,,
485,proudleader.com,No,No,No,No,No,No,No,No,No,No,No,Yes,1,,
486,heightpost.com,No,No,No,No,No,No,No,No,No,No,No,Yes,1,,
487,antinews.com,No,No,No,No,No,No,No,No,No,No,No,Yes,1,,
488,dont-tread-on.me,No,No,No,No,No,No,No,No,No,Yes,No,No,1,,
489,newslo.com,Yes,Yes,Yes,No,No,No,No,No,No,Yes,Yes,Yes,6,,
490,silver-coin-investor. com,No,No,No,No,No,No,No,No,No,Yes,No,No,1,,
491,mrc.org,No,No,No,No,No,No,No,No,No,Yes,No,No,1,,
492,anonews.co,No,Yes,No,No,No,No,No,No,No,No,No,No,1,,
493,thefrt.com,No,No,No,No,No,No,No,No,No,No,Yes,No,1,,
494,lifenews.com,No,No,No,No,No,No,No,No,No,Yes,No,No,1,,
495,thetrace.org,No,No,No,No,No,No,No,No,Yes,No,No,No,1,,
496,baltimoregazette.com,No,No,No,No,No,No,No,No,No,No,Yes,No,1,,
497,theracketreport.com,No,No,No,No,No,Yes,No,No,No,Yes,Yes,Yes,4,,
498,amusmentic.com,No,No,No,No,No,No,No,No,No,Yes,No,No,1,,
499,newsleak.co,No,No,No,No,No,No,No,No,No,Yes,No,Yes,2,,
500,onlineconservativepress.com,No,No,No,No,No,No,No,No,No,Yes,No,No,1,,
501,redrocktribune.com,No,No,No,No,No,No,No,No,No,Yes,No,Yes,2,,
502,oftwominds.com,No,No,No,No,No,No,No,No,No,Yes,No,No,1,,
503,thestar.com,No,No,No,No,No,No,No,No,Yes,No,No,No,1,,
504,amren.com,No,No,No,No,No,No,No,No,No,Yes,No,No,1,,
505,instaworldnews.com,No,No,No,No,No,No,No,No,No,Yes,No,No,1,,
506,thepoke.co.uk,No,No,No,No,No,No,No,No,No,Yes,No,No,1,,
507,awdnews.com,No,No,No,No,No,No,No,No,No,Yes,No,No,1,,
508,news14now.com,No,No,No,No,No,No,No,No,No,No,Yes,No,1,,
509,21stcenturywire.com,Yes,Yes,No,No,No,No,No,No,Yes,Yes,No,No,4,,
510,ahtribune.com,No,No,No,No,No,No,No,No,No,Yes,No,No,1,,
511,landoverbaptist.org,No,No,No,No,No,No,No,No,No,Yes,No,No,1,,
512,newsexaminer.net,No,No,No,No,No,No,No,No,No,Yes,Yes,Yes,3,,
513,bluelinestrong.net,No,No,No,No,No,No,No,No,No,No,No,Yes,1,,
514,readconservatives.news,No,No,No,No,No,No,No,No,No,Yes,No,Yes,2,,
515,fusionlacedillusions.com,No,No,No,No,No,No,No,No,Yes,No,No,No,1,,
516,therightstuff.biz,No,No,No,No,No,No,No,No,No,Yes,No,No,1,,
517,halfwaypost.com,No,No,No,No,No,No,No,No,No,No,No,Yes,1,,
518,wleb21.com,No,No,No,No,No,No,No,No,No,No,Yes,No,1,,
519,theconservativetreehouse.com,No,No,No,No,No,No,No,No,No,No,No,Yes,1,,
520,galacticconnection.com,No,No,No,No,No,No,No,No,No,Yes,No,No,1,,
521,paulcraigroberts.org,No,No,No,No,No,No,No,No,Yes,Yes,No,No,2,,
522,ddemocraticunderground.com,No,No,No,No,No,No,No,No,No,Yes,No,No,1,,
523,coed.com,No,No,No,No,No,No,No,No,No,Yes,No,Yes,2,,
524,militianews.com,No,No,No,No,No,No,No,No,No,Yes,No,No,1,,
525,damnleaks.com,No,No,No,No,No,No,No,No,No,Yes,No,Yes,2,,
526,politicalvelcraft.org,No,No,No,No,No,No,No,No,Yes,No,No,No,1,,
527,worldrumor.com,No,No,No,No,No,No,No,No,No,Yes,No,No,1,,
528,americanreviewer.com,No,No,No,No,No,No,No,No,No,Yes,No,No,1,,
529,82.221.129.208,No,No,No,No,No,No,No,No,No,Yes,No,No,1,,
530,neonnettle.com,No,No,No,No,No,No,No,No,Yes,Yes,Yes,Yes,4,,
531,sensationalisttimes.com,No,No,No,No,No,No,No,No,No,Yes,No,No,1,,
532,local31news.com,No,No,No,No,No,No,No,No,No,Yes,No,Yes,2,,
533,bostonleader.com,No,No,No,No,No,No,No,No,No,Yes,Yes,Yes,3,,
534,journaldemourreal.com,No,No,No,No,No,No,No,No,No,No,Yes,No,1,,
535,anotherdayintheempire.com,No,No,No,No,No,No,No,No,No,Yes,No,No,1,,
536,newswatch28.com,No,No,No,No,No,No,No,No,No,Yes,No,No,1,,
537,usadailytime.com,No,No,No,No,No,No,No,No,No,Yes,Yes,Yes,3,,
538,ufoholic.com,No,No,No,No,No,No,No,No,No,Yes,No,No,1,,
539,consciouslifenews.com,Yes,Yes,No,No,No,No,No,No,Yes,Yes,No,No,4,,
540,geoengineeringwatch.org,Yes,No,No,No,No,No,No,No,No,Yes,No,No,2,,
541,sheepkillers.com,No,No,No,No,No,No,No,No,No,Yes,No,No,1,,
542,whatdoesitmean.com,No,No,No,No,No,No,No,No,No,Yes,No,Yes,2,,
543,bostonherald.com,No,No,No,No,No,No,No,No,Yes,No,No,No,1,,
544,freerepublic.com,No,No,No,No,No,No,No,No,No,No,No,Yes,1,,
545,assassinationscience.com,No,No,No,No,No,No,No,No,No,Yes,No,No,1,,
546,truthkings.com,No,No,No,No,No,No,No,No,No,Yes,No,No,1,,
547,eyeopening.info,No,No,No,No,No,No,No,No,No,Yes,No,No,1,,
548,dailynewsbin.com,No,No,No,No,No,No,No,No,No,Yes,No,No,1,,
549,itmakessenseblog.com,No,No,No,No,No,No,No,No,No,Yes,No,No,1,,
550,nasamoonhoax.com,No,No,No,No,No,No,No,No,No,Yes,No,No,1,,
551,politicops.com,Yes,No,No,No,Yes,No,No,No,No,Yes,Yes,Yes,5,,
552,winkprogress.com,No,No,No,No,No,No,No,No,No,Yes,No,No,1,,
553,davidduke.com,No,No,No,No,No,No,No,No,No,Yes,No,No,1,,
554,world.politics.com,No,No,No,No,No,No,No,No,No,No,No,Yes,1,,
555,usasnich.com,No,No,No,No,No,No,No,No,No,Yes,No,Yes,2,,
556,usaconservativereport.com,No,No,No,No,No,No,No,No,No,No,No,Yes,1,,
557,nativeamericans.us,No,No,No,No,No,No,No,No,No,No,No,Yes,1,,
558,cityworldnews.com,No,No,No,No,No,No,No,No,No,Yes,No,No,1,,
559,kbc14.com,No,No,No,No,No,No,No,No,No,No,No,Yes,1,,
560,tmzworldstarnews.com,No,No,No,No,No,No,No,No,No,No,Yes,No,1,,
561,chemtrailsplanet.net,No,No,No,No,No,No,No,No,Yes,No,No,No,1,,
562,supremepatriot.com,No,No,No,No,No,No,No,No,No,Yes,No,Yes,2,,
563,freeinquirer.com,No,No,No,No,No,No,No,No,No,No,Yes,No,1,,
564,landrypost.com,No,No,No,No,No,No,No,No,No,No,Yes,No,1,,
565,maywoodpost.com,No,No,No,No,No,No,No,No,No,No,Yes,No,1,,
566,globalrevolutionnetwork.com,No,No,No,No,No,No,No,No,No,No,No,Yes,1,,
567,aheadoftheherd.com,No,No,No,No,No,No,No,No,No,Yes,No,No,1,,
568,thirdestatenewsgroup.com,No,No,No,No,No,No,No,No,No,No,No,Yes,1,,
569,westfieldpost.com,No,No,No,No,No,No,No,No,No,No,No,Yes,1,,
570,betootaadvocate.com,No,No,No,No,No,No,No,No,No,Yes,No,No,1,,
571,rightwingnews.com,No,No,No,No,No,No,No,No,No,Yes,No,No,1,,
572,creambmp.com,Yes,Yes,No,No,No,No,No,No,No,Yes,No,No,3,,
573,occupydemocrats.com,No,Yes,No,No,No,No,No,No,Yes,Yes,No,No,3,,
574,viralspeech.com,No,No,No,No,No,No,No,No,No,No,Yes,No,1,,
575,conservativepapers.com,No,No,No,No,No,No,No,No,No,Yes,No,No,1,,
576,federalistpress.com,No,No,No,No,No,No,No,No,No,Yes,No,No,1,,
577,thelapine.ca,Yes,No,No,No,No,Yes,No,No,No,No,No,No,2,,
578,themindunleashed.com,No,No,No,No,No,No,No,No,No,Yes,No,No,1,,
579,newsconservative.com,No,No,No,No,No,No,No,No,No,No,Yes,Yes,2,,
580,der-postillon.com,No,No,No,No,No,No,No,No,No,Yes,No,No,1,,
581,kcst7.com,No,No,No,No,No,No,No,No,No,No,No,Yes,1,,
582,dailykos.com,No,No,No,No,No,No,No,No,No,Yes,No,No,1,,
583,liveactionnews.org,No,No,No,No,No,No,No,No,No,Yes,No,No,1,,
584,dailyworldupdate.com,No,No,No,No,No,No,No,No,No,No,Yes,No,1,,
585,asia-pacificresearch.com,No,No,No,No,No,No,No,No,No,Yes,No,No,1,,
586,sonsoflibertyradio.com,No,No,No,No,No,No,No,No,No,Yes,No,No,1,,
587,stateofthenation2012.com,No,No,No,No,No,No,No,No,Yes,No,No,No,1,,
588,macedoniaonline.eu,No,No,No,No,No,No,No,No,No,No,No,Yes,1,,
589,the-postillon.com,No,No,No,No,No,No,No,No,No,No,No,Yes,1,,
590,bluenationreview.com,No,Yes,No,No,No,No,No,No,No,Yes,No,No,2,,
591,skeptiko.com,No,No,No,No,No,No,No,No,No,Yes,No,No,1,,
592,headlinebrief.com,No,No,No,No,No,No,No,No,No,No,Yes,No,1,,
593,globalpoliticsnow.com,No,No,No,No,No,No,No,No,No,Yes,No,Yes,2,,
594,oilgeopolitics.net,No,No,No,No,No,No,No,No,No,Yes,No,No,1,,
595,downtrend.com,No,No,No,No,No,No,No,No,No,Yes,No,No,1,,
596,16wmpo.com,No,No,No,No,No,No,No,No,No,Yes,No,Yes,2,,
597,newsdaily27.com,No,No,No,No,No,No,No,No,No,No,Yes,No,1,,
598,wonkie.com,No,No,No,No,No,No,No,No,No,Yes,No,No,1,,
599,disclosuremedia.net,No,No,No,No,No,No,No,No,No,Yes,No,No,1,,
600,sentinelblog.com,No,No,No,No,No,No,No,No,No,Yes,No,No,1,,
601,politicsintheusa.com,No,No,No,No,No,No,No,No,No,Yes,No,No,1,,
602,dailyusaupdate.com,No,No,No,No,No,No,No,No,No,Yes,No,Yes,2,,
603,en-bref.fr,No,No,No,No,No,No,No,No,No,No,Yes,No,1,,
604,newsformetoday.com,No,No,No,No,No,No,No,No,No,No,No,Yes,1,,
605,johnnyrobish.com,No,No,No,No,No,No,No,No,No,Yes,No,No,1,,
606,mediamatters.org,No,No,No,No,No,No,No,No,Yes,No,No,No,1,,
607,rhotv.com,No,No,No,No,No,No,No,No,No,Yes,No,No,1,,
608,dailysnark.com,No,No,No,No,No,No,No,No,No,Yes,No,Yes,2,,
609,thetimesoftheworld.com,No,No,No,No,No,No,No,No,No,Yes,No,No,1,,
610,bigbluevision.com,No,No,No,No,No,No,No,No,No,Yes,No,No,1,,
611,thepoliticalinsider.com,No,No,No,No,No,No,No,No,No,Yes,No,Yes,2,,
612,donaldtrumppotus45.com,No,No,No,No,No,No,No,No,No,Yes,No,Yes,2,,
613,unitedmediapublishing.com,No,No,No,No,No,No,No,No,No,Yes,Yes,No,2,,
614,usaworldbox.com,No,No,No,No,No,No,No,No,No,No,No,Yes,1,,
615,worldnewscircle.com,No,No,No,No,No,No,No,No,No,No,No,Yes,1,,
616,abcn.ws,No,No,No,No,No,No,No,No,Yes,No,No,No,1,,
617,therundownlive.com,Yes,No,No,No,No,No,No,No,No,No,No,No,1,,
618,usadailypolitics.com,No,No,No,No,No,No,No,No,No,Yes,No,No,1,,
619,flashnewscorner.com,No,No,No,No,No,No,No,No,No,Yes,No,Yes,2,,
620,realnewsrightnow.com,Yes,Yes,No,No,Yes,No,No,No,No,Yes,Yes,Yes,6,,
621,madashellnews.com,No,No,No,No,No,No,No,No,Yes,No,No,No,1,,
622,theonion.com,Yes,Yes,Yes,Yes,Yes,Yes,No,No,No,Yes,No,No,7,,
623,hoax.trendolizer.com,No,No,No,No,No,No,No,No,Yes,No,No,No,1,,
624,newsfrompolitics.com,No,No,No,No,No,No,No,No,No,Yes,No,No,1,,
625,thetrumpmedia.com,No,No,No,No,No,No,No,No,No,Yes,No,Yes,2,,
626,newsnow17.com,No,No,No,No,No,No,No,No,No,No,Yes,No,1,,
627,12minutos.com,No,No,No,No,No,No,No,No,No,No,Yes,No,1,,
628,livevote.com,No,No,No,No,No,No,No,No,No,Yes,No,No,1,,
629,politicalsitenews.com,No,No,No,No,No,No,No,No,No,Yes,No,No,1,,
630,wrejnews.com,No,No,No,No,No,No,No,No,No,No,Yes,No,1,,
631,worldnewsdailyreport.com,Yes,Yes,No,No,No,Yes,No,Yes,No,Yes,Yes,Yes,7,,
632,newsuptoday.com,No,No,No,No,No,No,No,No,No,No,No,Yes,1,,
633,democraticmoms.com,No,No,No,No,No,No,No,No,No,No,No,Yes,1,,
634,usatoday.com.co,No,No,No,No,No,No,No,No,No,Yes,No,No,1,,
635,coffeebreakforyou.com,No,No,No,No,No,No,No,No,No,No,No,Yes,1,,
636,patriotrising.com,No,No,No,No,No,No,No,No,No,Yes,No,No,1,,
637,newsdaily12.com,No,No,No,No,No,No,No,No,No,Yes,No,Yes,2,,
638,flyheight.com,No,No,No,No,No,No,No,No,No,No,No,No,0,,
639,liberty-courier.com,No,No,No,No,No,No,No,No,No,No,No,Yes,1,,
640,automotostar.com,No,No,No,No,No,No,No,No,No,Yes,No,No,1,,
641,awazetribune.com,No,No,No,No,No,No,No,No,No,Yes,No,No,1,,
642,channel34news.com,No,No,No,No,No,No,No,No,No,No,Yes,No,1,,
643,cnoticias.net,No,No,No,No,No,No,No,No,No,No,Yes,No,1,,
644,bluevisionpost.com,No,No,No,No,No,No,No,No,No,No,No,Yes,1,,
645,jameslico.com,No,No,No,No,No,No,No,No,Yes,No,No,No,1,,
646,rense.com,No,No,No,No,No,No,No,No,No,Yes,No,No,1,,
647,bizstandardnews.com,No,No,No,No,No,No,No,No,No,No,Yes,No,1,,
648,gomerblog.com,Yes,No,No,No,No,No,No,No,No,Yes,No,No,2,,
649,thepremiumnews.com,No,No,No,No,No,No,No,No,No,No,No,Yes,1,,
650,newsbreakingspipe.com,No,No,No,No,No,No,No,No,No,No,No,Yes,1,,
651,factrider.com,No,No,No,No,No,No,No,No,No,No,No,Yes,1,,
652,christianfightback.com,No,No,No,No,No,No,No,No,No,Yes,No,No,1,,
653,usa360-tv.com,No,No,No,No,No,No,No,No,No,No,No,Yes,1,,
654,krb7.com,No,No,No,No,No,No,No,No,No,No,No,Yes,1,,
655,sportspickle.com,No,No,No,No,No,No,No,No,No,Yes,No,No,1,,
656,newcenturytimes.com,No,No,No,No,No,No,No,No,No,Yes,No,No,1,,
657,stneotscitizen.com,No,No,No,No,No,No,No,No,No,Yes,No,No,1,,
658,themiamigazette.com,No,No,No,No,No,No,No,No,No,No,No,Yes,1,,
659,oathkeepers.org,No,No,No,No,No,No,No,No,No,Yes,No,No,1,,
660,bostontribune.com,No,No,No,No,No,No,No,No,No,Yes,No,Yes,2,,
661,reaganwasright.com,No,No,No,No,No,No,No,No,No,No,Yes,No,1,,
662,pressunion.org,No,No,No,No,No,No,No,No,No,No,Yes,No,1,,
663,commondreams.org,No,No,No,No,No,No,No,No,No,Yes,No,No,1,,
664,borowitzreport.com,No,No,No,No,No,No,No,No,No,Yes,No,No,1,,
665,timesofcambodia.com,No,No,No,No,No,No,No,No,No,No,Yes,No,1,,
666,dailybuzzlive.com,Yes,No,Yes,No,No,No,No,No,No,Yes,No,Yes,4,,
667,usanewsinsider.com,No,No,No,No,No,No,No,No,No,Yes,No,No,1,,
668,embols.com,No,No,No,No,No,No,No,No,No,Yes,No,No,1,,
669,politicalblindspot.com,Yes,No,No,No,No,No,No,No,No,Yes,No,No,2,,
670,cryptogon.com,No,No,No,No,No,No,No,No,No,Yes,No,No,1,,
671,jamesfetzer.blogspot.com,No,No,No,No,No,No,No,No,Yes,No,No,No,1,,
672,chaser.com.au,No,No,No,No,No,No,No,No,No,Yes,No,No,1,,
673,pollhype.com,No,No,No,No,No,No,No,No,No,Yes,No,No,1,,
674,freedomworldnews.com,No,No,No,No,No,No,No,No,No,Yes,No,No,1,,
675,disclose.tv,Yes,No,Yes,No,No,No,No,No,No,Yes,No,Yes,4,,
676,abeldanger.net,No,No,No,No,No,No,No,No,Yes,Yes,No,No,2,,
677,liberaldarkness.com,No,No,No,No,No,No,No,No,No,Yes,No,No,1,,
678,www.rt.com,No,No,No,No,No,No,No,No,No,Yes,No,No,1,,
679,dutchsinse.com,No,No,No,No,No,No,No,No,No,Yes,No,No,1,,
680,dailystormer.com,No,No,No,No,No,No,No,No,Yes,Yes,No,Yes,3,,
681,in5d.com,No,No,No,No,No,No,No,No,No,Yes,No,No,1,,
682,platosguns.com,No,No,No,No,No,No,No,No,No,Yes,No,No,1,,
683,smag31.com,No,No,No,No,No,No,No,No,No,Yes,No,Yes,2,,
684,weconservative.com,No,No,No,No,No,No,No,No,No,No,Yes,Yes,2,,
685,uslifetoday.com,No,No,No,No,No,No,No,No,No,Yes,No,No,1,,
686,frontpagemag.com,No,No,No,No,No,No,No,No,No,Yes,No,No,1,,
687,sitsshow.blogspot.com,No,No,No,No,No,No,No,No,Yes,No,No,No,1,,
688,foxnews.com,No,No,No,No,No,No,No,No,Yes,No,No,No,1,,
689,dailyoccupation.com,No,No,No,No,No,No,No,No,No,Yes,No,No,1,,
690,chronicle.su,Yes,No,No,No,No,No,No,No,No,Yes,No,No,2,,
691,conservativeinfidel.com,No,No,No,No,No,No,No,No,No,Yes,No,No,1,,
692,ourlandofthefree.com,No,No,No,No,No,No,No,No,No,No,No,Yes,1,,
693,counterjihad.com,No,No,No,No,No,No,No,No,No,Yes,No,No,1,,
694,angrypatriotmovement.com,No,No,No,No,No,No,No,No,No,Yes,No,Yes,2,,
695,rockcitytimes.com,Yes,No,No,No,No,No,No,No,No,Yes,No,No,2,,
696,thetruthaboutcancer.com,No,No,No,No,No,No,No,No,No,Yes,No,No,1,,
697,enduringvision.com,Yes,Yes,No,No,No,No,No,No,No,Yes,No,No,3,,
698,actforamerica.org/news,No,No,No,No,No,No,No,No,No,Yes,No,No,1,,
699,bignuggetnews.com,No,No,No,No,No,No,No,No,No,Yes,No,No,1,,
700,yournationnews.com,No,No,No,No,No,No,No,No,No,Yes,No,No,1,,
701,pjmedia.com,No,No,No,No,No,No,No,No,No,Yes,No,No,1,,
702,therealstrategy.com,No,No,No,No,No,No,No,No,Yes,Yes,No,No,2,,
703,stormcloudsgathering.com,No,No,No,No,No,No,No,No,No,Yes,No,No,1,,
704,usa-television.com,No,No,No,No,No,No,No,No,No,Yes,No,Yes,2,,
705,theworldupdate.com,No,No,No,No,No,No,No,No,No,No,No,Yes,1,,
706,shoebat.com,No,No,No,No,No,No,No,No,No,Yes,No,No,1,,
707,independentminute.com,No,No,No,No,No,No,No,No,No,No,No,Yes,1,,
708,viralliberty.com,No,No,No,No,No,No,No,No,No,Yes,No,No,1,,
709,greenmedinfo.com,No,No,No,No,No,No,No,No,No,Yes,No,No,1,,
710,amtvmedia.com,No,No,No,No,No,No,No,No,No,Yes,No,No,1,,
711,nachrichten365.com,No,No,No,No,No,No,No,No,No,No,Yes,No,1,,
712,rawstory.com,No,No,No,No,No,No,No,No,Yes,Yes,No,No,2,,
713,thehill.com,No,No,No,No,No,No,No,No,Yes,No,No,No,1,,
714,westernjournalism.com,No,No,No,No,No,No,No,No,No,Yes,No,No,1,,
715,abcnewsgo.co,No,No,No,No,No,No,No,No,No,Yes,No,No,1,,
716,a-news24.com,No,No,No,No,No,No,No,No,No,No,No,Yes,1,,
717,off-guardian.org,No,No,No,No,No,No,No,No,No,Yes,No,No,1,,
718,channel60news.com,No,No,No,No,No,No,No,No,No,No,Yes,No,1,,
719,straightstoned.com,No,No,No,No,No,No,No,No,No,No,Yes,No,1,,
720,countyweekly.com,No,No,No,No,No,No,No,No,No,No,Yes,No,1,,
721,foodbabe.com,No,No,No,No,No,No,No,No,No,Yes,No,No,1,,
722,jonesreport.com,Yes,No,No,No,No,No,No,No,No,Yes,No,No,2,,
723,americanthinker.com,No,No,No,No,No,No,No,No,No,Yes,No,No,1,,
724,redcountry.us,No,No,No,No,No,No,No,No,No,Yes,Yes,Yes,3,,
725,washingtonpost.com.co,No,No,No,No,No,No,No,No,No,Yes,No,Yes,2,,
726,dailycurrant.com,Yes,No,No,No,No,Yes,No,No,No,Yes,Yes,No,4,,
727,brotherjohnf.com,No,No,No,No,No,No,No,No,No,Yes,No,No,1,,
728,usanewstoday.com,No,No,No,No,No,No,No,No,No,Yes,No,Yes,2,,
729,newswatch33.com,No,No,No,No,No,No,No,No,No,Yes,Yes,No,2,,
730,city-herald.com,No,No,No,No,No,No,No,No,No,No,No,Yes,1,,
731,weekendpoliticalnews.com,No,No,No,No,No,No,No,No,No,No,No,Yes,1,,
732,zootfeed.com,No,No,No,No,No,No,No,No,No,Yes,No,No,1,,
733,ladylibertysnews.com,No,No,No,No,No,No,No,No,No,No,No,Yes,1,,
734,presidentialvoting2016.com,No,No,No,No,No,No,No,No,No,Yes,No,No,1,,
735,politicono.com,No,No,No,No,No,No,No,No,No,Yes,No,Yes,2,,
736,realfarmacy.com,Yes,No,No,No,No,No,No,No,No,Yes,No,No,2,,
737,informationclearinghouse.info,No,No,No,No,No,No,No,No,No,Yes,No,No,1,,
738,everydaybreakingnews.com,No,No,No,No,No,No,No,No,No,No,Yes,No,1,,
739,christiantoday.info,No,No,No,No,No,No,No,No,No,No,No,Yes,1,,
740,uspoliticslive.com,No,No,No,No,No,No,No,No,No,Yes,No,No,1,,
741,breakingtop.world,No,No,No,No,No,No,No,No,No,No,No,Yes,1,,
742,knowledgeoftoday.org,No,No,No,No,No,No,No,No,No,Yes,No,No,1,,
743,conservativedailypost.com,No,No,No,No,No,No,No,No,No,Yes,No,Yes,2,,
744,elelephantintheroom.blogspot.com,No,No,No,No,No,No,No,No,No,Yes,No,No,1,,
745,concisepolitics.com,No,No,No,No,No,No,No,No,No,Yes,No,No,1,,
746,christwire.org,Yes,Yes,No,No,No,No,No,No,No,Yes,No,No,3,,
747,amposts.com,No,No,No,No,No,No,No,No,No,Yes,No,Yes,2,,
748,cbsnews.com.co,No,No,No,No,No,No,No,No,No,Yes,No,No,1,,
749,presstv.ir,No,No,No,No,No,No,No,No,No,Yes,No,No,1,,
750,freddymag.com,No,No,No,No,No,No,No,No,No,No,Yes,No,1,,
751,newzmagazine.com,No,No,No,No,No,No,No,No,No,No,No,Yes,1,,
752,ijr.com,No,No,No,No,No,No,No,No,No,Yes,No,No,1,,
753,interestingdailynews.com,No,No,No,No,No,No,No,No,No,Yes,No,Yes,2,,
754,ushealthyadvisor.com,No,No,No,No,No,No,No,No,No,Yes,No,Yes,2,,
755,creativitymovement.net/category/news/,No,No,No,No,No,No,No,No,No,Yes,No,No,1,,
756,investmentresearchdynamics.com,No,No,No,No,No,No,No,No,No,Yes,No,No,1,,
757,rilenews.com,Yes,Yes,No,No,Yes,No,No,No,No,Yes,Yes,No,5,,
758,duffelblog.com,Yes,Yes,Yes,No,No,No,No,No,No,No,No,Yes,4,,
759,truepundit.com,No,No,No,No,No,No,No,No,No,Yes,No,No,1,,
760,libertyblitzkrieg.com,No,No,No,No,No,No,No,No,No,Yes,No,No,1,,
761,socialeverythings.com,No,No,No,No,No,No,No,No,No,Yes,No,Yes,2,,
762,denverinquirer.com,No,No,No,No,No,No,No,No,No,No,Yes,Yes,2,,
763,channel45news.com,No,No,No,No,No,No,No,No,No,No,Yes,No,1,,
764,channel46news.com,No,No,No,No,No,No,No,No,No,No,Yes,No,1,,
765,liberalamerica.org,No,No,No,No,No,No,No,No,No,Yes,No,No,1,,
766,express.co.uk,No,No,No,No,No,No,No,No,Yes,Yes,No,No,2,,
767,drudgereport.com,No,No,No,No,No,No,No,No,No,Yes,No,No,1,,
768,attn.com,No,No,No,No,No,No,No,No,No,Yes,No,No,1,,
769,abcnews-us.com,No,No,No,No,No,No,No,No,No,No,Yes,No,1,,
770,londonwebnews.com,No,No,No,No,No,No,No,No,No,No,No,Yes,1,,
771,thedailybeast.com,No,No,No,No,No,No,No,No,Yes,No,No,No,1,,
772,fuhrerious88blog.wordpress.com,No,No,No,No,No,No,No,No,Yes,No,No,No,1,,
773,channel18news.com,No,No,No,No,No,No,No,No,No,Yes,Yes,Yes,3,,
774,thenewsnerd.com,Yes,No,No,Yes,No,No,No,No,No,Yes,Yes,No,4,,
775,urdoca.com,No,No,No,No,No,No,No,No,No,No,No,Yes,1,,
776,washingtonfeed.com,No,No,No,No,No,No,No,No,No,No,No,Yes,1,,
777,maganews.co,No,No,No,No,No,No,No,No,No,Yes,No,No,1,,
778,mrconservative.com,No,No,No,No,No,No,No,No,No,Yes,No,No,1,,
779,truthbroadcastnetwork.com,No,No,No,No,No,No,No,No,No,Yes,No,No,1,,
780,USAToday.com.co,No,No,No,No,No,No,Yes,Yes,No,No,No,No,2,,
781,lifeprevention.com,No,No,No,No,No,No,No,No,No,Yes,No,No,1,,
782,thelibertymill.com,No,No,No,No,No,No,No,No,No,Yes,No,No,1,,
783,channel40news.com,No,No,No,No,No,No,No,No,No,No,Yes,No,1,,
784,surreytelegraph.com,No,No,No,No,No,No,No,No,No,No,Yes,No,1,,
785,rumormillnews.com,No,No,No,No,No,No,No,No,Yes,Yes,No,No,2,,
786,rogue-nation3.com,No,No,No,No,No,No,No,No,No,Yes,No,Yes,2,,
787,thedcgazette.com,Yes,Yes,Yes,No,Yes,No,No,No,No,No,No,No,4,,
788,wnd.com,No,No,No,No,No,No,No,No,No,Yes,No,No,1,,
789,lovethispic.com,No,No,No,No,No,No,No,No,No,Yes,No,No,1,,
790,canadafreepress.com,No,No,No,No,No,No,No,No,No,Yes,No,No,1,,
791,theeconomiccollapseblog.com,No,No,No,No,No,No,No,No,No,Yes,No,No,1,,
792,channel63news.com,No,No,No,No,No,No,No,No,No,No,Yes,No,1,,
793,satiratribune.com,No,No,No,No,No,No,No,Yes,No,Yes,Yes,Yes,4,,
794,jamesrgrangerjr.com,No,No,No,No,No,No,No,No,No,Yes,No,No,1,,
795,themuslimissue.wordpress.com,No,No,No,No,No,No,No,No,No,Yes,No,No,1,,
796,scoopfeed.net,No,No,No,No,No,No,No,No,Yes,No,No,No,1,,
797,morningledger.com,No,No,No,No,No,No,No,No,No,Yes,No,No,1,,
798,kata33.com,No,No,No,No,No,No,No,No,No,No,Yes,No,1,,
799,ladylibertynews.com,No,No,No,No,No,No,No,No,No,Yes,No,No,1,,
800,dailytelegraph.com.au,No,No,No,No,No,No,No,No,No,Yes,No,No,1,,
801,scrappleface.com,No,No,No,No,No,No,No,No,No,Yes,No,No,1,,
802,politicalears.com,Yes,No,No,No,No,No,No,No,No,Yes,No,No,2,,
803,pravda.ru,No,No,No,No,No,No,No,No,No,Yes,No,No,1,,
804,tmzbreaking.com,No,No,No,No,No,No,No,No,No,No,Yes,No,1,,
805,noticias-frescas.com,No,No,No,No,No,No,No,No,No,No,Yes,No,1,,
806,wftj8news.com,No,No,No,No,No,No,No,No,No,No,Yes,No,1,,
807,libertyfederation.com,No,No,No,No,No,No,No,No,No,Yes,No,No,1,,
808,truthfrequencyradio.com,Yes,No,No,No,No,No,No,No,No,Yes,No,No,2,,
809,mrnewswatch.com,No,No,No,No,No,No,No,No,No,No,Yes,No,1,,
810,americanpeoplenetwork.com,No,No,No,No,No,No,No,No,No,No,No,Yes,1,,
811,mbynews.com,No,No,No,No,No,No,No,No,No,No,Yes,No,1,,
812,electionnightgatekeepers.com,No,No,No,No,No,No,No,No,No,Yes,No,No,1,,
813,usviewer.com,No,No,No,No,No,No,No,No,No,Yes,No,No,1,,
814,thenewyorkevening.com,No,No,No,No,No,No,No,No,No,Yes,Yes,Yes,3,,
815,babylonbee.com,No,No,No,No,No,No,No,No,No,No,No,Yes,1,,
816,freedomcrossroads.us,No,No,No,No,No,No,No,No,No,No,No,Yes,1,,
817,religionlo.com,No,No,No,No,No,No,No,No,No,Yes,No,Yes,2,,
818,telegraphsun.com,No,No,No,No,No,No,No,No,No,No,Yes,No,1,,
819,conspiracyplanet.com,No,No,No,No,No,No,No,No,No,Yes,No,No,1,,
820,conservativeinfocorner.com,No,No,No,No,No,No,No,No,No,No,No,Yes,1,,
821,wrpm33.com,No,No,No,No,No,No,No,No,No,No,No,Yes,1,,
822,nowtheendbegins.com,Yes,No,No,No,No,No,No,No,No,Yes,No,No,2,,
823,wm21news.com,No,No,No,No,No,No,No,No,No,No,Yes,No,1,,
824,intrendtoday.com,No,No,No,No,No,No,No,No,No,Yes,No,No,1,,
825,politicalupdator.com,No,No,No,No,No,No,No,No,No,Yes,No,No,1,,
826,newsbiscuit.com,Yes,Yes,No,No,No,No,No,No,No,Yes,Yes,No,4,,
827,kty24news.com,No,No,No,No,No,No,No,No,No,No,No,Yes,1,,
828,nahadaily.com,No,No,No,No,No,No,No,No,No,Yes,No,No,1,,
829,americanpoliticnews.co,No,No,No,No,No,No,No,No,No,Yes,No,Yes,2,,
830,newsninja2012.com,No,No,No,No,No,No,No,No,No,Yes,No,No,1,,
831,kmt11.com,No,No,No,No,No,No,No,No,No,Yes,Yes,Yes,3,,
832,democraticunderground.com,No,No,No,No,No,No,No,No,No,No,No,Yes,1,,
833,dailynews5.com,No,No,No,No,No,No,No,No,No,Yes,Yes,Yes,3,,
834,bvanews.com,No,No,No,No,No,No,No,No,No,Yes,No,No,1,,
835,dailyinfobox.com,No,No,No,No,No,No,No,No,No,Yes,No,Yes,2,,
836,newsbysquad.com,No,No,No,No,No,No,No,No,No,Yes,No,Yes,2,,
837,lewrockwell.com,Yes,No,No,No,No,No,No,No,Yes,Yes,No,No,3,,
838,channel33news.com,No,No,No,No,No,No,No,No,No,No,Yes,No,1,,
839,thefederalistpapers.org,No,No,No,No,No,No,No,No,No,Yes,No,No,1,,
840,cowgernation.com,No,No,No,No,No,No,No,No,No,Yes,No,No,1,,
841,weshapelife.org,No,No,No,No,No,No,No,No,No,Yes,No,No,1,,
842,prisonplanet.tv,No,No,No,No,No,No,No,No,No,Yes,No,No,1,,
843,yesimright.com,No,No,No,No,No,No,No,No,No,Yes,No,No,1,,
844,news4ktla.com,No,No,No,No,No,No,No,No,No,Yes,Yes,Yes,3,,
845,kspm33.com,No,No,No,No,No,No,No,No,No,No,Yes,No,1,,
846,thenewsdoctors.com,No,No,No,No,No,No,No,No,No,Yes,No,No,1,,
847,notallowedto.com,No,No,No,No,No,No,No,No,No,Yes,Yes,Yes,3,,
848,barenakedislam.com,No,No,No,No,No,No,No,No,No,Yes,No,No,1,,
849,theexaminer.site,No,No,No,No,No,No,No,No,No,No,No,Yes,1,,
850,diyhours.net,No,No,No,No,No,No,No,No,No,Yes,No,Yes,2,,
851,pamelageller.com,No,No,No,No,No,No,No,No,No,Yes,No,No,1,,
852,attitude.co.uk,No,No,No,No,No,No,No,No,No,No,No,Yes,1,,
853,dangerandplay.com,No,No,No,No,No,No,No,No,Yes,No,No,No,1,,
854,truthandaction.org,No,No,No,No,No,No,No,No,No,Yes,No,No,1,,
855,reductress.com,No,No,No,No,No,No,No,No,No,Yes,No,No,1,,
856,theshovel.com.au,No,No,No,No,No,No,No,No,No,Yes,No,No,1,,
857,nnettle.com,No,No,No,No,No,No,No,No,No,No,No,Yes,1,,
858,bullionbullscanada.com,No,No,No,No,No,No,No,No,No,Yes,No,No,1,,
859,givemeliberity01.com,No,No,No,No,No,No,No,No,No,Yes,No,No,1,,
860,thetruthwins.com,No,No,No,No,No,No,No,No,No,Yes,No,No,1,,
861,indiatimes.com,No,No,No,No,No,No,No,No,No,No,No,Yes,1,,
862,yourfunpage.com,No,No,No,No,No,No,No,No,No,Yes,No,No,1,,
863,channel28news.com,No,No,No,No,No,No,No,No,No,No,Yes,No,1,,
864,thetruthdivision.com,No,No,No,No,No,No,No,No,No,Yes,No,No,1,,
865,revolutions2040.com,No,No,No,No,No,No,No,No,No,Yes,No,Yes,2,,
866,adobochronicles.com,No,No,No,No,No,No,No,No,No,Yes,Yes,No,2,,
867,potatriotpost.com,No,No,No,No,No,No,No,No,No,No,Yes,No,1,,
868,freeinfomedia.com,No,No,No,No,No,No,No,No,No,No,No,Yes,1,,
869,cnewsgo.com,No,No,No,No,No,No,No,No,No,No,No,Yes,1,,
870,myfreshnews.com,No,No,No,No,No,No,No,No,No,Yes,No,No,1,,
871,ilovemyfreedom.org,No,No,No,No,No,No,No,No,No,Yes,No,No,1,,
872,kupr7.com,No,No,No,No,No,No,No,No,No,No,Yes,No,1,,
873,aryannationswordwide1488.org,No,No,No,No,No,No,No,No,No,Yes,No,No,1,,
874,gulagbound.com,Yes,No,No,No,No,No,No,No,No,Yes,No,No,2,,
875,americannewsx.com,No,No,No,No,No,No,No,No,No,Yes,No,No,1,,
876,blackinusrancenews.com,No,No,No,No,No,No,No,No,No,Yes,No,No,1,,
877,other98.com,No,Yes,No,No,No,No,No,No,No,Yes,No,No,2,,
878,channel24news.com,No,No,No,No,No,No,No,No,No,No,Yes,Yes,2,,
879,brasschecktv.com,No,No,No,No,No,No,No,No,Yes,No,No,No,1,,
880,baldwinpost.com,No,No,No,No,No,No,No,No,No,No,Yes,No,1,,
881,unconfirmedsources.com,Yes,No,No,No,No,No,No,No,No,Yes,No,No,2,,
882,mirror.co.uk,No,No,No,No,No,No,No,No,Yes,No,No,No,1,,
883,the-insider.co,No,No,No,No,No,No,No,No,No,Yes,No,Yes,2,,
884,channel23news.com,No,No,No,No,No,No,No,No,No,No,Yes,No,1,,
885,redflagnews.com,Yes,No,Yes,No,No,No,No,No,Yes,Yes,No,No,4,,
886,bigamericannews.com,Yes,No,No,No,No,No,No,No,No,Yes,No,No,2,,
887,givemeliberty01.com,No,No,No,No,No,No,No,No,No,No,No,Yes,1,,
888,24x365live.com,No,No,No,No,No,No,No,No,No,No,Yes,Yes,2,,
889,realtimepolitics.com,No,No,No,No,No,No,No,No,No,Yes,No,No,1,,
890,alertchild.com,No,No,No,No,No,No,No,No,No,No,Yes,No,1,,
891,americantoday.news,No,No,No,No,No,No,No,No,No,Yes,No,No,1,,
892,conservativepaper.com,No,No,No,No,No,No,No,No,No,No,No,Yes,1,,
893,clancyreport.com,No,No,No,No,No,No,No,No,No,No,Yes,No,1,,
894,davidwolfe.com,No,No,No,No,No,No,No,No,No,Yes,No,No,1,,
895,lucidawakenings.net,No,No,No,No,No,No,No,No,Yes,No,No,No,1,,
896,usapoliticsnow.com,No,No,No,No,No,No,No,No,No,Yes,No,Yes,2,,
897,ironictimes.com,No,No,No,No,No,No,No,No,No,Yes,No,No,1,,
898,newstoad.net,No,No,No,No,No,No,No,No,No,Yes,No,No,1,,
899,cnn-internationaledition.com,No,No,No,No,No,No,No,No,No,No,Yes,No,1,,
900,pravdareport.com,No,No,No,No,No,No,No,No,No,Yes,No,No,1,,
901,twcnews.com,No,No,No,No,No,No,No,No,Yes,No,No,No,1,,
902,breakingnews365.net,No,No,No,No,No,No,No,No,No,No,Yes,Yes,2,,
903,channel59news.com,No,No,No,No,No,No,No,No,No,No,Yes,No,1,,
904,blackinsurancenews.com,No,No,No,No,No,No,No,No,No,No,No,Yes,1,,
905,puppetstringnews.com,No,No,No,No,No,No,No,No,No,No,No,Yes,1,,
906,witscience.org,Yes,No,No,No,No,No,No,No,No,Yes,Yes,No,3,,
907,channel-7-news.com,No,No,No,No,No,No,No,No,No,Yes,No,No,1,,
908,americankabuki.blogspot.com,No,No,No,No,No,No,No,No,No,Yes,No,No,1,,
909,conservativeflashnews.com,No,No,No,No,No,No,No,No,No,Yes,No,Yes,2,,
910,en-volve.com,No,No,No,No,No,No,No,No,No,No,No,Yes,1,,
911,cap-news.com,No,No,No,No,No,No,No,No,No,Yes,No,No,1,,
912,usadailypost.us,No,No,No,No,No,No,No,No,No,No,No,Yes,1,,
913,politicot.com,No,No,No,No,No,No,No,No,No,Yes,Yes,Yes,3,,
914,themadisonmisnomer.com,No,No,No,No,No,No,No,No,No,Yes,No,No,1,,
915,upi.com,No,No,No,No,No,No,No,No,Yes,No,No,No,1,,
916,henrymakow.com,No,No,No,No,No,No,No,No,No,Yes,No,No,1,,
917,ky6news.com,No,No,No,No,No,No,No,No,No,No,Yes,No,1,,
918,americanflavor.news,No,No,No,No,No,No,No,No,No,No,Yes,Yes,2,,
919,jokerviral.com,No,No,No,No,No,No,No,No,No,No,Yes,No,1,,
920,iwanttoexplore.com,No,No,No,No,No,No,No,No,No,Yes,No,No,1,,
921,americannews.com,Yes,Yes,Yes,No,No,No,No,No,No,Yes,No,Yes,5,,
922,proamericanews.com,No,No,No,No,No,No,No,No,No,Yes,No,No,1,,
923,knp7.com,No,No,No,No,No,No,No,No,No,No,Yes,No,1,,
924,waterfordwhispersnews.com,No,No,No,No,No,No,No,No,No,Yes,No,No,1,,
925,usanewshome.com,No,No,No,No,No,No,No,No,No,No,No,Yes,1,,
926,islamicanews.com,No,No,No,No,No,No,No,No,No,Yes,No,No,1,,
927,citizensunited.org,No,No,No,No,No,No,No,No,No,Yes,No,No,1,,
928,gangstergovernment.com,No,No,No,No,No,No,No,No,No,Yes,No,No,1,,
929,experimentalvaccines.org,No,No,No,No,No,No,No,No,No,Yes,No,No,1,,
930,theeventchronicle.com,No,No,No,No,No,No,No,No,Yes,Yes,No,No,2,,
931,notizzia.com,No,No,No,No,No,No,No,No,No,No,Yes,No,1,,
932,weeklyworldnews.com,Yes,No,Yes,No,No,Yes,No,No,No,Yes,No,No,4,,
933,dataasylum.com,No,No,No,No,No,No,No,No,No,Yes,No,No,1,,
934,ustruthwire.com,No,No,No,No,No,No,No,No,No,No,No,Yes,1,,
935,coasttocoastam.com,Yes,Yes,No,No,No,No,No,No,No,No,No,No,2,,
936,bigbluevision.org,No,No,No,No,No,No,No,No,No,Yes,No,No,1,,
937,conservativespirit.com,No,No,No,No,No,No,No,No,No,Yes,No,Yes,2,,
938,npiamerica.org,No,No,No,No,No,No,No,No,No,Yes,No,No,1,,
939,conservative101.com,No,No,No,No,No,No,No,No,No,No,No,Yes,1,,
940,nomorefakenews.com,No,No,No,No,No,No,No,No,No,Yes,No,No,1,,
941,teoinfo.com,No,No,No,No,No,No,No,No,No,No,No,Yes,1,,
942,channel16news.com,No,No,No,No,No,No,No,No,No,No,Yes,No,1,,
943,enabon.com,No,No,No,No,No,No,No,No,No,Yes,No,No,1,,
944,satirewire.com,No,No,No,No,No,No,No,No,No,Yes,No,No,1,,
945,dailynews11.com,No,No,No,No,No,No,No,No,No,No,Yes,No,1,,
946,newsbuzzdaily.com,No,No,No,No,No,No,No,No,No,No,Yes,No,1,,
947,healthycareandbeauty.com,No,No,No,No,No,No,No,No,No,Yes,No,Yes,2,,
948,worldtruth.tv,Yes,No,Yes,No,No,No,No,No,Yes,Yes,No,Yes,5,,
949,thelastlineofdefense.online,No,No,No,No,No,No,No,No,No,No,Yes,No,1,,
950,anonjekloy.tk,No,No,No,No,No,No,No,No,No,Yes,No,Yes,2,,
951,thewashingtonpress.com,No,No,No,No,No,No,No,No,No,Yes,No,Yes,2,,
952,madpatriots.com,No,No,No,No,No,No,No,No,No,Yes,No,No,1,,
953,isthatlegit.com,No,No,No,No,No,No,No,No,No,No,No,Yes,1,,
954,loanpride.com,No,No,No,No,No,No,No,No,No,Yes,No,No,1,,
955,theantimedia.org,No,No,No,No,No,No,No,No,Yes,Yes,No,No,2,,
956,alt-market.com,No,No,No,No,No,No,No,No,No,Yes,No,No,1,,
957,proudcons.com,No,No,No,No,No,No,No,No,No,Yes,No,No,1,,
958,minds.com,No,No,No,No,No,No,No,No,No,No,No,Yes,1,,
959,politicspaper.com,No,No,No,No,No,No,No,No,No,No,No,Yes,1,,
960,nytimes.com,No,No,No,No,No,No,No,No,Yes,No,No,No,1,,
961,openmagazines.com,No,No,No,No,No,No,No,No,No,Yes,No,Yes,2,,
962,reagancoalition.com,No,No,No,No,No,No,No,No,No,Yes,No,No,1,,
963,usherald.com,No,No,No,No,No,No,No,No,No,Yes,No,Yes,2,,
964,philly.com,No,No,No,No,No,No,No,No,Yes,No,No,No,1,,
965,floridasunpost.com,No,No,No,No,No,No,No,No,No,Yes,Yes,Yes,3,,
966,247newsmedia.com,No,No,No,No,No,No,No,No,No,No,No,Yes,1,,
967,lastdeplorables.com,No,No,No,No,No,No,No,No,No,Yes,No,Yes,2,,
968,postcard.news,No,No,No,No,No,No,No,No,No,No,No,Yes,1,,
969,fellowshipoftheminds.com,No,No,No,No,No,No,No,No,Yes,Yes,No,No,2,,
970,x22report.com,No,No,No,No,No,No,No,No,No,Yes,No,No,1,,
971,therealshtick.com,No,No,No,No,No,No,No,No,No,No,No,Yes,1,,
972,folksvideo.com,No,No,No,No,No,No,No,No,No,No,Yes,No,1,,
973,focusnews.info,No,No,No,No,No,No,No,No,No,No,No,Yes,1,,
974,healthimpactnews.com,No,No,No,No,No,No,No,No,No,Yes,No,No,1,,
975,newyorker.com/humor,No,No,No,No,No,No,No,No,No,Yes,No,No,1,,
976,dailyfinesser.com,No,No,No,No,No,No,No,No,No,No,Yes,No,1,,
977,conservativetribune.com,No,No,No,No,No,No,No,No,No,Yes,No,No,1,,
978,whowhatwhy.org,No,No,No,No,No,No,No,No,No,Yes,No,No,1,,
979,themideastbeast.com,No,No,No,No,No,No,No,No,No,Yes,No,No,1,,
980,dailyheadlines.com,No,No,No,No,No,No,No,No,No,Yes,No,No,1,,
981,elitereaders.com,No,No,No,No,No,No,No,No,No,Yes,No,No,1,,
982,enhlive.com,No,No,No,No,No,No,No,No,No,Yes,No,Yes,2,,
983,dailydiscord.com,No,No,No,No,No,No,No,No,No,Yes,No,No,1,,
984,silverstealers.net,No,No,No,No,No,No,No,No,No,Yes,No,No,1,,
985,awm.com,No,No,No,No,No,No,No,No,No,Yes,No,No,1,,
986,dailynews3.com,No,No,No,No,No,No,No,No,No,No,Yes,No,1,,
987,cartelreport.com,No,No,No,No,No,No,No,No,No,No,Yes,No,1,,
988,jesus-is-savior.com,No,No,No,No,No,No,No,No,No,Yes,No,No,1,,
989,centerforsecuritypolicy.org/#articles,No,No,No,No,No,No,No,No,No,Yes,No,No,1,,
990,williambanzai7.blogspot.com,No,No,No,No,No,No,No,No,No,Yes,No,No,1,,
991,stgeorgegazette.com,No,No,No,No,No,No,No,No,No,No,No,Yes,1,,
992,cnn.com.de,No,No,No,No,No,No,No,No,No,No,Yes,No,1,,
993,newsmutiny.com,Yes,Yes,No,No,No,No,No,No,No,Yes,No,No,3,,
994,dailypoliticsusa.com,No,No,No,No,No,No,No,No,No,Yes,No,No,1,,
995,gatesofvienna.net,No,No,No,No,No,No,No,No,No,Yes,No,No,1,,
996,wrpt16.com,No,No,No,No,No,No,No,No,No,No,Yes,No,1,,
997,theguardian.com,No,No,No,No,No,No,No,No,Yes,No,No,No,1,,
998,healthy-holistic-living.com,No,No,No,No,No,No,No,No,No,Yes,No,No,1,,
999,ihavethetruth.com,No,No,No,No,No,No,No,No,No,Yes,No,No,1,,
1000,rearfront.com,No,No,No,No,No,No,No,No,No,No,No,Yes,1,,
1001,washingtonsblog.com,No,No,No,No,No,No,No,No,No,Yes,No,No,1,,
1002,blackgenocide.org,No,No,No,No,No,No,No,No,No,Yes,No,No,1,,
1003,infostormer.com,No,No,No,No,No,No,No,No,No,Yes,No,No,1,,
1004,metropolitanworlds.com,No,No,No,No,No,No,No,No,No,Yes,No,Yes,2,,
1005,usapoliticszone.com,No,No,No,No,No,No,No,No,No,Yes,No,Yes,2,,
1006,glaringhypocrisy.com,No,No,No,No,No,No,No,No,No,Yes,No,No,1,,
1007,theunrealtimes.com,No,No,No,No,No,No,No,No,No,Yes,No,No,1,,
1008,theseattletribune.com,No,No,No,No,No,No,No,No,No,Yes,Yes,Yes,3,,
1009,meanlefthook.com,No,No,No,No,No,No,No,No,No,Yes,No,No,1,,
1010,newspunch.com,No,No,No,No,No,No,No,No,No,No,Yes,No,1,,
1011,farmwars.info,No,No,No,No,No,No,No,No,No,Yes,No,No,1,,
1012,nevo.news,No,No,No,No,No,No,No,No,No,Yes,No,No,1,,
1013,yournewswire.com,No,No,No,No,Yes,No,No,No,Yes,Yes,Yes,Yes,5,,
1014,theblaze.com,No,No,No,No,No,No,No,No,No,Yes,No,No,1,,
1015,callthecops.net,No,Yes,No,No,No,Yes,No,No,No,Yes,No,No,3,,
1016,returnofkings.com,No,No,No,No,No,No,No,No,No,Yes,No,No,1,,
1017,conservative7.com,No,No,No,No,No,No,No,No,No,No,No,Yes,1,,
1018,jihadwatch.org,No,No,No,No,No,No,No,No,No,Yes,No,No,1,,
1019,renegadetribune.com,No,No,No,No,No,No,No,No,Yes,No,No,No,1,,
1020,dailynews10.com,No,No,No,No,No,No,No,No,No,Yes,No,Yes,2,,
1021,newsdaily10.com,No,No,No,No,No,No,No,No,No,No,Yes,No,1,,
1022,thelastlineofdefense.org,No,No,No,No,No,No,No,No,No,Yes,Yes,Yes,3,,
1023,newobserveronline.com,No,No,No,No,No,No,No,No,Yes,No,No,No,1,,
1024,cartelpress.com,No,No,No,No,No,No,No,No,No,No,Yes,No,1,,
1025,heatst.com,No,No,No,No,No,No,No,No,No,Yes,No,No,1,,
1026,thenochill.com,No,No,No,No,No,No,No,No,No,No,Yes,No,1,,
1027,nativestuff.us,No,No,No,No,No,No,No,No,No,No,No,Yes,1,,
1028,naturalblaze.com,No,No,No,No,No,No,No,No,No,Yes,No,No,1,,
1029,freedomoutpost.com,No,No,No,No,No,No,No,No,Yes,Yes,No,No,2,,
1030,ushealthylife.com,No,No,No,No,No,No,No,No,No,Yes,No,Yes,2,,
1031,denverguardian.com,No,No,No,No,No,No,Yes,No,No,Yes,Yes,No,3,,
1032,politico.com,No,No,No,No,No,No,No,No,Yes,No,No,No,1,,
1033,scaryhours.com,No,No,No,No,No,No,No,No,No,No,Yes,No,1,,
1034,nbcnews.com,No,No,No,No,No,No,No,No,Yes,No,No,No,1,,
1035,armyusanews.com,No,No,No,No,No,No,No,No,No,No,No,Yes,1,,
1036,webdaily.com,No,No,No,No,No,No,No,No,No,Yes,No,No,1,,
1037,areyousleep.com,No,No,No,No,No,No,No,No,No,No,Yes,No,1,,
1038,libertytalk.fm,Yes,No,No,No,No,No,No,No,No,Yes,No,No,2,,
1039,100percentfedup.com,No,No,No,No,No,No,No,No,No,Yes,No,No,1,,
1040,realplanetnews.com,No,No,No,No,No,No,No,No,No,Yes,No,No,1,,
1041,universepolitics.com,No,No,No,No,No,No,No,No,No,Yes,No,Yes,2,,
1042,itaglive.com,Yes,No,No,No,No,No,No,No,No,Yes,No,No,2,,
1043,intellihub.com,Yes,No,No,No,No,No,No,No,Yes,Yes,No,No,3,,
1044,viralactions.com,No,No,No,No,No,No,No,No,No,Yes,Yes,Yes,3,,
1045,weekendherald.com,No,No,No,No,No,No,No,No,No,No,Yes,No,1,,
1046,km8news.com,No,No,No,No,No,No,No,No,No,No,Yes,No,1,,
1047,freedomjunkshun.com,No,No,No,No,No,No,No,No,No,No,No,Yes,1,,
1048,thedailysheeple.com,Yes,No,No,No,No,No,No,No,Yes,Yes,No,No,3,,
1049,thetruthseeker.co.uk,No,No,No,No,No,No,No,No,Yes,Yes,No,No,2,,
1050,thefreepatriot.org,No,No,No,No,No,No,No,No,No,Yes,No,No,1,,
1051,4threvolutionarywar.wordpress.com,No,No,No,No,No,No,No,No,No,Yes,No,No,1,,
1052,klponews.com,No,No,No,No,No,No,No,No,No,No,Yes,No,1,,
1053,forfreedomworld.com,No,No,No,No,No,No,No,No,No,No,No,Yes,1,,
1054,speld.nl,No,No,No,No,No,No,No,No,No,Yes,No,No,1,,
1055,theforbiddenknowledge.com,No,No,No,No,No,No,No,No,No,Yes,No,No,1,,
1056,intrepidreport.com,No,No,No,No,No,No,No,No,No,Yes,No,No,1,,
1057,usadailyinfo.com,No,No,No,No,No,No,No,No,No,Yes,No,Yes,2,,
1058,adflegal.org/media,No,No,No,No,No,No,No,No,No,Yes,No,No,1,,
1059,objectiveministries.org,No,No,No,No,No,No,No,No,No,Yes,No,No,1,,
1060,presstv.com,No,No,No,No,No,No,No,No,Yes,Yes,No,No,2,,
1061,ifyouonlynews.com,No,No,No,No,Yes,No,No,No,No,Yes,No,No,2,,
1062,newsmax.com,No,No,No,No,No,No,No,No,No,Yes,No,No,1,,
1063,beforeitsnews.com,Yes,No,Yes,No,No,No,No,No,Yes,Yes,No,Yes,5,,
1064,freedomdaily.com,No,No,No,No,No,No,No,No,No,Yes,No,Yes,2,,
1065,deadlinelive.info,No,No,No,No,No,No,No,No,No,Yes,No,No,1,,
1066,ladiesofliberty.net,No,No,No,No,No,No,No,No,No,No,Yes,No,1,,
1067,thenewamerican.com,No,No,No,No,No,No,No,No,No,Yes,No,No,1,,
1068,dailynewsposts.info,No,No,No,No,No,No,No,No,No,Yes,No,Yes,2,,
1069,mediamaxzone.com,No,No,No,No,No,No,No,No,No,No,No,Yes,1,,
1070,fourwinds10.net,No,No,No,No,No,No,No,No,No,Yes,No,No,1,,
1071,channel56news.com,No,No,No,No,No,No,No,No,No,No,Yes,No,1,,
1072,glossynews.com,No,No,No,No,No,No,No,No,No,Yes,No,No,1,,
1073,mediaite.com,No,No,No,No,No,No,No,No,Yes,No,No,No,1,,
1074,majorthoughts.com,No,No,No,No,No,No,No,No,No,Yes,No,Yes,2,,
1075,heartland.org,No,No,No,No,No,No,No,No,No,Yes,No,No,1,,
1076,fridaymash.com,No,No,No,No,No,No,No,No,No,Yes,No,No,1,,
1077,patdollar.com,No,No,No,No,No,No,No,No,No,Yes,No,No,1,,
1078,wundergroundmusic.com,No,No,No,No,No,No,No,No,No,Yes,No,No,1,,
1079,unitednews.org,No,No,No,No,No,No,No,No,No,No,Yes,No,1,,
1080,cbc.ca,No,No,No,No,No,No,No,No,Yes,No,No,No,1,,
1081,collective-evolution.com,No,Yes,No,No,No,No,No,No,No,Yes,No,No,2,,
1082,endingthefed.com,No,No,No,No,No,No,No,No,No,Yes,No,No,1,,
1083,thedailywtf.com,No,No,No,No,No,No,No,No,No,Yes,No,No,1,,
1084,libertymovementradio.com,Yes,No,No,No,No,No,No,No,No,Yes,No,No,2,,
1085,tdtalliance.com,No,No,No,No,No,No,No,No,No,Yes,No,Yes,2,,
1086,breakingnewsblast.com,No,No,No,No,No,No,No,No,No,No,No,Yes,1,,
1087,veteransfordonaldtrump.com,No,No,No,No,No,No,No,No,No,No,No,Yes,1,,
1088,teaparty.org,No,No,No,No,No,No,No,No,No,Yes,No,Yes,2,,
1089,thebostontribune.com,No,No,No,No,Yes,No,No,No,No,Yes,Yes,No,3,,
1090,viralpropaganda.com,No,No,No,No,No,No,No,No,No,No,Yes,No,1,,
1091,breakingnews247.net,No,No,No,No,No,No,No,No,No,No,Yes,Yes,2,,
1092,ilovenativeamericans.us,No,No,No,No,No,No,No,No,No,No,No,Yes,1,,
1093,thesolexchange.com,No,No,No,No,No,No,No,No,No,No,No,Yes,1,,
1094,uspoln.com,No,No,No,No,No,No,No,No,No,Yes,Yes,Yes,3,,
1095,alabamaobserver.com,No,No,No,No,No,No,No,No,No,No,Yes,Yes,2,,
1096,worldpoliticsus.com,No,No,No,No,No,No,No,No,No,Yes,No,No,1,,
1097,dublintribune.com,No,No,No,No,No,No,No,No,No,No,Yes,No,1,,
1098,washingtonpost.com,No,No,No,No,No,No,No,No,Yes,No,No,No,1,,
1099,offgridsurvival.com,No,No,No,No,No,No,No,No,No,Yes,No,No,1,,
1100,americanpatriotdaily.com,No,No,No,No,No,No,No,No,No,Yes,No,No,1,,
1101,rightalert.com,No,No,No,No,No,No,No,No,No,Yes,No,No,1,,
1102,goneleft.com,No,No,No,No,No,No,No,No,No,Yes,No,No,1,,
1103,deepinsidetherabbithole.com,No,No,No,No,No,No,No,No,Yes,No,No,No,1,,
1104,24online.news,No,No,No,No,No,No,No,No,No,No,No,Yes,1,,
1105,uspoliticsinfo.com,No,No,No,No,No,No,No,No,No,No,No,Yes,1,,
1106,secretsofthefed.com,No,No,No,No,No,No,No,No,Yes,Yes,No,No,2,,
1107,topinfopost.con,No,No,No,No,No,No,No,No,No,No,No,Yes,1,,
1108,sjlendman.blogspot.com,No,No,No,No,No,No,No,No,No,Yes,No,No,1,,
1109,anews24.org/,No,No,No,No,No,No,No,No,No,Yes,No,Yes,2,,
1110,usfanzone.com,No,No,No,No,No,No,No,No,No,Yes,No,No,1,,
1111,bikers4trump.com,No,No,No,No,No,No,No,No,Yes,No,No,No,1,,
1112,lopezreport.com,No,No,No,No,No,No,No,No,No,No,Yes,No,1,,
1113,news.sky.com,No,No,No,No,No,No,No,No,Yes,No,No,No,1,,
1114,occupyliberals.com,No,No,No,No,No,No,No,No,No,Yes,No,No,1,,
1115,dailysurge.com,No,No,No,No,No,No,No,No,No,Yes,No,Yes,2,,
1116,southernconservativeextra.com,No,No,No,No,No,No,No,No,No,No,No,Yes,1,,
1117,patriotnewsdaily.com,No,No,No,No,No,No,No,No,No,Yes,No,No,1,,
1118,usinfonews.com,No,No,No,No,No,No,No,No,No,Yes,No,Yes,2,,
1119,nunadisbereel.com,No,No,No,No,No,No,No,No,No,No,No,Yes,1,,
1120,threepercenternation.com,No,No,No,No,No,No,No,No,No,Yes,No,No,1,,
1121,stuppid.com,No,No,No,No,No,No,No,Yes,No,Yes,Yes,No,3,,
1122,mediazone.news,No,No,No,No,No,No,No,No,No,Yes,No,No,1,,
1123,counterpsyops.com,Yes,No,No,No,No,No,No,No,No,Yes,No,No,2,,
1124,thelastgreatstand.com,No,No,No,No,No,No,No,No,No,Yes,No,No,1,,
1125,conservativehq.com,No,No,No,No,No,No,No,No,No,Yes,No,No,1,,
1126,libertyvideos.org,Yes,No,No,No,No,No,No,No,No,Yes,No,No,2,,
1127,channel17news.com,No,No,No,No,No,No,No,No,No,No,Yes,No,1,,
